F1,F3,F2_low,F2_mid,Y
0.30471707975443135,-1.1039886353716615,1.0,0.0,1
-1.0399841062404955,0.3227974640932481,0.0,1.0,0
0.7504511958064572,-1.1500854941523635,0.0,1.0,1
0.9405647163912139,0.7119770229910514,0.0,1.0,1
-1.9510351886538364,-1.18147906792882,0.0,0.0,0
-1.302179506862318,-0.5662949155810063,0.0,1.0,0
0.12784040316728537,-0.624603408215179,0.0,1.0,0
-0.3162425923435822,1.3251467288748389,0.0,1.0,1
-0.016801157504288795,0.33028994561659186,1.0,0.0,0
-0.85304392757358,-0.21173380254439425,1.0,0.0,0
0.8793979748628286,0.4987194410697233,0.0,0.0,1
0.7777919354289483,-2.107192347329688,1.0,0.0,1
0.06603069756121605,-0.043133589640907445,1.0,0.0,1
1.1272412069680329,1.9975141778047627,0.0,0.0,1
0.4675093422520456,0.13234650640267256,1.0,0.0,1
-0.8592924628832382,0.0679131691693355,0.0,1.0,0
0.36875078408249884,0.5481283796421961,0.0,0.0,1
-0.9588826008289989,0.8956052433143455,0.0,1.0,0
0.8784503013072725,-1.9974666928898597,1.0,0.0,0
-0.049925910986252896,-1.6823264817910268,1.0,0.0,1
-0.18486236354526056,0.21029129108614655,0.0,0.0,1
-0.6809295444039414,-0.7148765618975097,1.0,0.0,1
1.2225413386740303,1.3120252622199142,0.0,0.0,1
-0.15452948206880215,-0.3151743898852239,1.0,0.0,0
-0.4283278221631072,-1.9345307357131178,1.0,0.0,0
-0.3521335504882296,-1.268013916843997,0.0,0.0,0
0.5323091855533487,-2.7496760196305754,0.0,0.0,1
0.36544406436407834,-0.23412553728291255,0.0,0.0,0
0.4127326115959884,-0.18838412726438336,0.0,0.0,1
0.43082100300788273,-0.42446270978189776,1.0,0.0,1
2.1416476008704612,1.0788790390297387,0.0,0.0,1
-0.4064150163846156,1.1985198365166936,0.0,0.0,0
-0.5122427290715373,-0.1703884233561112,1.0,0.0,0
-0.8137727282478777,-2.134693667476856,1.0,0.0,0
0.6159794225754956,0.6172815804922585,0.0,0.0,1
1.1289722927208916,0.5553602285085755,1.0,0.0,1
-0.11394745765487507,0.309391570156945,0.0,0.0,1
-0.840156476962528,0.9814797493081158,1.0,0.0,0
-0.8244812156912396,-1.16482809646104,1.0,0.0,0
0.6505927878247011,2.008755386185139,1.0,0.0,1
0.7432541712034423,-0.959427753141868,1.0,0.0,1
0.543154268305195,0.7492229272008546,0.0,0.0,1
-0.6655097072886943,-1.6873476944133516,0.0,0.0,1
0.23216132306671977,-0.9302646872700508,0.0,0.0,1
0.11668580914072822,1.5163686467253361,0.0,0.0,1
0.21868859672901295,-0.2608998230008499,1.0,0.0,1
0.8714287779481898,0.8399226051327979,0.0,0.0,1
0.22359554877468227,0.2369553887192461,0.0,1.0,0
0.6789135630718949,-0.10495815600017268,0.0,1.0,1
0.06757906948889146,1.3638503249326897,0.0,0.0,0
0.28911939868998415,-0.23665882465190033,0.0,0.0,0
0.6312882258385404,-1.7807381075634705,0.0,0.0,1
-1.4571558198556664,-0.8032400919517051,0.0,1.0,0
-0.31967121635730134,0.5511917287016942,0.0,1.0,0
-0.4703726542927955,0.39550910636250813,0.0,0.0,1
-0.6388778482433419,-1.5670582502354382,1.0,0.0,0
-0.27514225122668373,-0.724342519408201,1.0,0.0,0
1.4949413112343959,-0.5817213492022466,0.0,1.0,1
-0.8658311156932432,-0.365469594114225,1.0,0.0,0
0.9682783545914808,-1.3759135886015514,1.0,0.0,1
-1.6828697716158048,-0.6283711081194786,0.0,0.0,0
-0.33488502998577485,-0.7286104852595274,0.0,0.0,0
0.1627530651050056,0.7715332597619193,0.0,1.0,1
0.5862223313592781,0.8091213109902438,0.0,1.0,1
0.711226579792855,-0.145810458088816,0.0,1.0,1
0.7933472351999252,-0.3920397958707315,0.0,0.0,1
-0.3487250722484376,0.1399243120391134,0.0,1.0,0
-0.46235179266456716,-0.8165751074555749,1.0,0.0,0
0.8579758812571538,-1.146832082167441,0.0,1.0,1
-0.1913043248816149,-0.9402212089257169,0.0,1.0,0
-1.2756863233379219,-0.6348131639714567,0.0,0.0,0
-1.1332872140034806,-1.163473799792271,0.0,0.0,0
-0.9194522860016113,0.16205955906287475,0.0,0.0,0
0.49716074405376404,0.7297156737837084,0.0,1.0,1
0.14242573607056525,-1.5870983007982418,0.0,1.0,1
0.6904853540677682,0.02512871121603335,0.0,1.0,1
-0.42725264633653426,-0.21993579526633558,1.0,0.0,0
0.15853969107671423,0.3415086855368029,0.0,0.0,1
0.6255903939673367,-0.012938768103588062,0.0,0.0,1
-0.3093465397202384,-1.4535992799316308,0.0,0.0,0
0.45677523755741145,-1.2623892988571654,1.0,0.0,1
-0.6619259410666513,0.029423575584972723,1.0,0.0,0
-0.3630538465650718,1.0287809197455093,0.0,0.0,0
-0.3817378939983291,-2.214187371043003,0.0,1.0,0
-1.1958396455890397,0.34572657980157995,0.0,0.0,0
0.4869724807855818,1.1896220052876432,0.0,1.0,0
-0.46940234020272387,-0.1530258762062131,0.0,1.0,0
0.01249411872768743,0.5502024960264408,0.0,1.0,0
0.48074665890590895,-0.7030690808978022,0.0,0.0,1
0.4465311760299441,-0.11936619927687682,0.0,1.0,1
0.6653851089727862,-1.6209135183081516,0.0,0.0,1
-0.09848548450942361,-2.344343308418874,1.0,0.0,0
-0.42329831204415375,0.9427658012252752,0.0,1.0,0
-0.07971821090639905,-0.9849949277244419,0.0,0.0,0
-1.6873344339580298,-0.4555278450034305,0.0,0.0,0
-1.4471124724230873,-1.3864422532701932,0.0,0.0,0
-1.3226996123544024,-1.4099697030838758,1.0,0.0,0
-0.9972468276014818,-0.17383770009461635,0.0,0.0,0
0.3997742267234366,-0.7295771941356465,0.0,0.0,0
-0.9054790553600608,0.37797099799469847,0.0,0.0,0
-0.3781625540393897,0.4525384189795919,1.0,0.0,0
1.2992282977860654,0.32084964632460716,0.0,0.0,1
-0.35626397106142593,0.2386007909284437,0.0,0.0,0
0.7375155684670865,1.5777682049318862,0.0,0.0,1
-0.933617680009877,-1.067593769044886,1.0,0.0,0
-0.20543755786763002,-0.05493486620291775,0.0,0.0,0
-0.9500220549105812,1.1326898205195888,1.0,0.0,0
-0.3390330759005625,1.2645398093380364,0.0,1.0,0
0.8403081374573955,-1.4217636493445729,0.0,1.0,1
-1.7273204231923487,-0.3123554416558699,0.0,1.0,0
0.43442364354585733,1.3581210958672605,0.0,0.0,0
0.2377356023322779,0.5080791051990653,1.0,0.0,0
-0.5941499556967944,0.19526303147977275,0.0,1.0,0
-1.4460578543884546,-0.21768469343465674,0.0,1.0,0
0.07212950771386951,-0.38380092570774543,0.0,1.0,0
-0.5294927090638024,0.2882190630903242,1.0,0.0,0
0.23267621135470395,-0.25237412498448336,1.0,0.0,1
0.02185214552344288,-0.04257862104444418,1.0,0.0,1
1.6017788913209154,0.07859870611503737,0.0,1.0,1
-0.23935562747302427,-0.6780715284934992,0.0,1.0,0
-1.023497492621865,0.5321293738814383,0.0,1.0,0
0.17927563495631615,2.9142446484154196,0.0,1.0,1
0.21999668397176517,-1.7769866393260751,1.0,0.0,1
1.3591875752404365,0.3240125241899799,1.0,0.0,1
0.8351112459145785,-0.7601900886189056,0.0,1.0,1
0.35687105914950934,0.57740257751925,0.0,0.0,1
1.4633028912195618,0.04655747332786092,1.0,0.0,1
-1.188763054322851,0.7618547740424635,0.0,0.0,0
-0.6397515327497477,1.1755065765087795,0.0,1.0,0
-0.9265759414055249,0.19242111776818133,1.0,0.0,0
-0.38980980315576796,1.1320522884141782,0.0,1.0,0
-1.3766861475563088,-2.3442978937886774,1.0,0.0,0
0.6351509468144043,1.5904522979160232,1.0,0.0,1
-0.22222269709877338,0.3750621518923401,0.0,1.0,1
-1.4708062945026579,1.0778433557451819,0.0,1.0,0
-1.0155790812075416,-1.2198757448415216,0.0,0.0,1
0.3135138474501953,-0.8307698816053357,1.0,0.0,0
0.8381265678943811,0.14593829414477413,0.0,0.0,1
1.9967308916917865,-0.017037889337463016,1.0,0.0,1
2.9138624660073296,0.2830685880099896,1.0,0.0,1
0.4144094332759964,1.0845151609299661,0.0,0.0,1
-0.9895381200318641,-1.7652203153028492,0.0,0.0,0
-2.132046280731309,0.9738190717173091,0.0,1.0,0
0.2677114623438358,0.008281909957927018,1.0,0.0,1
-0.812941095310326,-0.20378186112454774,1.0,0.0,0
-0.41535726017968533,-1.4711152343848903,0.0,1.0,1
-0.6120967990598081,0.503048668376865,0.0,1.0,0
-0.14079088641638526,-2.414107851031037,0.0,0.0,1
1.0659802307876436,0.6483940112387127,1.0,0.0,1
0.15704856744534462,-1.492105835472992,1.0,0.0,0
-0.1586348370386883,0.053457912617474034,0.0,0.0,0
-1.0356537528258116,-0.11916883732792043,1.0,0.0,0
-1.674682944704357,1.1695381472938837,1.0,0.0,0
-0.4863079090733309,-0.17865516901389017,0.0,1.0,1
-0.05378255081832049,-0.6941385611456656,0.0,1.0,0
1.767929913579883,-0.506602695971203,0.0,1.0,1
0.13027452147288585,1.2728827687546636,0.0,0.0,0
0.9827395110230576,0.5362969691808936,0.0,0.0,1
-0.49929559853915206,-0.3856299815231613,1.0,0.0,1
-1.1849437664170246,-0.23644641996451343,0.0,0.0,0
-0.9651167622323719,-1.567177090585447,0.0,1.0,0
-0.7252260645357532,0.388474200851541,1.0,0.0,0
2.1284697324351645,-1.7598157076954657,0.0,0.0,1
-0.8213866792243861,0.7517964658354561,1.0,0.0,0
0.838489203736345,0.12862159249126584,0.0,1.0,1
-0.9029271780870264,2.3869517995739225,0.0,0.0,0
0.9315730128742441,-1.1001355537243058,1.0,0.0,1
0.38495096610586316,-0.10266209104063294,1.0,0.0,1
-0.1566378976580904,1.7982877009230627,0.0,1.0,0
-0.040762526135434025,1.1913896402914144,0.0,0.0,0
-0.6547876954293904,-0.6962120515798997,1.0,0.0,1
0.44607220148208054,0.22396742837344774,0.0,1.0,1
-0.45498348034078,0.001999356415087233,0.0,1.0,0
-1.2256057637672482,0.2819558673941572,1.0,0.0,0
-1.2779375743196193,-0.6986804359848298,0.0,0.0,0
0.17258791772211948,-0.08932040270073452,0.0,0.0,1
1.579091256410435,-1.5980523752767137,0.0,1.0,1
0.15999161357343825,0.13512345186808206,1.0,0.0,1
-0.11863832610988256,0.45002067342183205,1.0,0.0,0
0.2858261396025429,-0.227419412643884,0.0,1.0,1
1.3060017417068248,-1.6150508905847878,0.0,1.0,1
0.21938250136385634,0.9885318628514624,0.0,1.0,0
-0.41092723083373717,0.3645250379928023,1.0,0.0,0
1.1062887100598888,-0.7260150977009768,0.0,1.0,0
0.4287564384616135,-0.28060044683806395,1.0,0.0,1
1.535755991995992,-1.5006694027818388,0.0,0.0,1
0.18323443722190613,-1.0254101277779044,0.0,0.0,1
-1.2244690317205003,-0.5378113463571395,0.0,1.0,0
-1.368159199245665,1.2284208122801512,1.0,0.0,0
1.6509279322312496,-0.6395033908874757,0.0,0.0,1
1.723665720783297,0.6402136593287587,1.0,0.0,1
-0.17951921328260065,-0.5383162028615798,0.0,0.0,0
-0.38318732113598775,0.24794756085187486,1.0,0.0,0
1.4614442922422022,-0.14139550214380217,0.0,1.0,1
-1.107045682043488,0.8730566000927434,1.0,0.0,0
-0.8947270189558264,-0.5348113382185579,1.0,0.0,0
0.6433267946890444,-1.572528250002441,0.0,0.0,0
-0.3946051228595896,-1.3819490313636327,0.0,0.0,1
-0.005121866720071296,-0.5318774939427574,1.0,0.0,0
-0.16344289852451258,-1.2490599706780527,0.0,0.0,0
0.33757454879893356,0.4102120156795513,1.0,0.0,1
1.4074818613137168,-0.4657681648580778,1.0,0.0,1
0.09058490690174555,2.3746065500264315,1.0,0.0,0
0.6439387932768579,-1.737714595137132,0.0,1.0,1
-2.0501721010310225,0.20363317870980122,1.0,0.0,0
-0.04871840193011795,-1.127953023505669,0.0,1.0,0
-0.8432302702928711,-0.4934013403826786,1.0,0.0,0
-1.218813060423628,0.14141947334054417,1.0,0.0,0
-0.8781523669287508,-2.325371374874287,0.0,1.0,1
-0.33412344070081207,0.23682611678802748,0.0,0.0,1
0.9159025423560131,1.9029074622741677,0.0,0.0,1
-1.326392717739564,-0.45343829836859284,0.0,1.0,0
0.030631492594417446,0.2598078568055095,1.0,0.0,0
-0.4841694333335785,1.0249216931253993,0.0,0.0,0
-0.32767309436196085,-0.16395350002699655,0.0,0.0,0
1.0027578253046041,-0.5809601885314832,0.0,0.0,1
0.5381154370039261,-2.2757364037217522,0.0,0.0,1
1.3373981074427437,0.6409907193949733,0.0,0.0,1
-0.15450567924990047,-0.11316840972889723,0.0,0.0,0
-0.695942611670703,-1.0126838513881617,0.0,1.0,0
-0.22385881688049952,0.12659671027769356,0.0,1.0,1
0.2424967912712216,-0.5836803568061814,1.0,0.0,1
0.17657335845371103,-0.5284261311155256,1.0,0.0,1
-1.0843880722333665,0.6062911561087082,0.0,0.0,0
0.09048978162787422,-1.3383824113238445,0.0,0.0,0
0.22822833013890514,1.0473152860737585,0.0,0.0,1
2.5174740375339204,-1.3976861631184037,1.0,0.0,1
1.8768446112816701,-0.6627014083552638,0.0,1.0,1
-0.8532433505588201,1.9229461940665773,1.0,0.0,0
-0.2873833615491761,1.1273547616424222,0.0,0.0,0
-1.4634420018370031,0.09760399249544019,1.0,0.0,0
-0.5907070139634865,-0.9405302155012165,1.0,0.0,1
0.3156050035903405,-0.5292723066998932,0.0,1.0,0
1.2058536208882336,0.0732753145856964,0.0,0.0,1
-0.7290838377436085,0.03752323233959842,0.0,0.0,0
-0.6541464400677965,-0.09087092962596285,1.0,0.0,0
-2.147289029738655,-0.03083251408418433,1.0,0.0,0
-0.16266592054490767,-0.2143751097051141,1.0,0.0,1
-1.062414411859563,-1.4419787356400129,1.0,0.0,0
-0.5294394273660737,-0.5165107421608328,0.0,1.0,0
-0.8768607781675882,0.9146240539868465,1.0,0.0,0
-0.09426255425255699,-1.3683342975511175,1.0,0.0,1
-1.7577283913566313,-0.18955551153927852,0.0,1.0,0
-1.4670452453909906,-0.819753928770844,1.0,0.0,0
2.129247112028298,0.11135042939811132,1.0,0.0,1
-1.287422581274031,-0.38863318106681816,1.0,0.0,0
-1.0967855784546396,1.477393664974669,1.0,0.0,0
1.836913528321314,0.5065831541902538,0.0,1.0,1
2.905067169240407,-1.3118031657772113,0.0,0.0,1
-1.1715666288253417,0.6712280116136986,0.0,0.0,0
-0.36824895678803055,-0.774651856262063,1.0,0.0,0
0.34155555094050954,-0.5769963713775336,1.0,0.0,0
1.7286976444055924,0.3138190201071218,0.0,1.0,1
-0.9868570784282374,-0.49174741973013475,0.0,1.0,0
-0.24527784594210975,0.8928558163229553,0.0,0.0,1
0.777337576061744,-0.7745100615133954,0.0,0.0,1
0.43476607446661863,-0.6189465525913632,0.0,1.0,1
-0.37615607123009925,-0.6563708935481088,1.0,0.0,0
-0.13382296451604114,-0.5656387483550389,1.0,0.0,0
-1.3748958083699818,1.099191555547813,1.0,0.0,0
-0.23817374397466523,0.6287962936103031,1.0,0.0,0
-0.2663874900089551,1.709943954012071,0.0,0.0,1
0.23216988962625595,2.2676442038992546,1.0,0.0,1
-0.555327218819016,-1.0307170319323398,0.0,0.0,0
0.471538522545139,0.07041912732728889,0.0,1.0,1
1.0127158178198286,-1.176200316643433,0.0,1.0,1
0.15542932766846604,-0.7776059277482671,0.0,1.0,1
0.35175640839920347,-0.6300825102556694,0.0,0.0,0
0.053155347577867364,-1.0571548741382744,1.0,0.0,1
8.439309141418043e-05,-1.0518872728984137,1.0,0.0,1
-0.7215580335428474,-0.14428437852025486,0.0,1.0,0
0.316494261673308,-1.216718418386407,0.0,1.0,1
-0.09728659841348947,0.8421269591376328,0.0,1.0,1
2.093168308930595,-0.9177535374175142,0.0,0.0,1
1.5733549024752425,2.809568970096392,0.0,1.0,1
0.3858465525565008,-0.45138445096439517,1.0,0.0,1
-0.7630572096947675,0.07201764191705222,1.0,0.0,0
-1.112411471983418,-1.2953411844660352,0.0,0.0,0
1.191142953088865,1.7060917581276394,1.0,0.0,1
0.2627492251471385,1.1195006808029162,0.0,1.0,0
0.4801434033916108,0.29691587073611253,0.0,1.0,1
-1.7445859869741926,-1.3468025487795656,0.0,0.0,0
0.9274384815581808,0.21066687772462028,0.0,0.0,1
0.45442033821436295,-1.121431046017255,0.0,1.0,1
-1.110430684414478,1.4623552634733608,1.0,0.0,0
-0.47152480744994896,0.8091947318531727,0.0,1.0,1
0.2637172043565196,0.09543903848773612,0.0,1.0,1
0.05246679835624363,-2.4363756632473224,1.0,0.0,0
-0.292171185803555,-0.9834159786590306,0.0,1.0,0
-0.10348826806596086,0.6877611315998724,1.0,0.0,1
-0.25197737820688537,1.2128836917231558,0.0,1.0,0
0.15256251210246857,1.1091698114921316,0.0,0.0,0
1.471491972993157,-1.5920130022414554,0.0,0.0,1
-2.5666584409312976,0.30155230681290407,1.0,0.0,0
-0.23685026450968424,1.0155152164829295,0.0,0.0,0
0.17651242137244696,-1.6583355655822452,1.0,0.0,1
0.2959939896870995,-0.007904515373236347,0.0,1.0,1
-0.37191458132128985,0.27384239830845625,1.0,0.0,1
-1.7567217824785826,-0.3007645848467349,1.0,0.0,0
0.32799548371410964,-1.8521618554012016,1.0,0.0,1
1.727350214164185,-0.3256981100737287,1.0,0.0,1
-1.5338614049161376,-0.327305430255024,0.0,0.0,0
0.8638280136981883,-0.1480724045477542,1.0,0.0,1
-0.3285252231228939,-0.5634714254250696,0.0,1.0,1
-0.0613243458288473,-0.4430121532414673,0.0,0.0,1
-1.052898510703949,-0.0397062823469779,0.0,0.0,0
-0.33445617235587666,0.4424546049697111,0.0,0.0,0
1.3000445946989585,-0.3044267628566672,1.0,0.0,1
0.582655241987707,-0.4096489283680019,0.0,0.0,1
1.732311605409944,0.09235403825445808,0.0,1.0,1
1.1774118889776937,-1.9209159258951816,1.0,0.0,1
0.4390866789295762,0.4770351272264581,0.0,1.0,0
1.743934526167792,-0.0005630971229588082,0.0,0.0,1
0.43899315873829875,0.039693526597561826,0.0,1.0,1
0.8279881767970589,0.960734307594464,1.0,0.0,1
-0.29657095353470836,-1.9528155300482481,0.0,0.0,0
0.06654581585920483,-1.9738338698589637,0.0,0.0,0
-0.6974238233002769,0.27380384532351953,0.0,0.0,1
0.989583934594853,-0.007116855128515773,0.0,0.0,1
-1.1783036231148656,0.17017694319193222,0.0,0.0,0
0.7823503424176613,-0.46212707517244556,0.0,1.0,1
-0.19065105750515945,0.6643536742399312,1.0,0.0,0
1.1712470934673194,0.93263884299112,0.0,1.0,1
0.7508689887312598,0.48398229395152703,1.0,0.0,1
1.8206461576468016,-0.26082845840458313,0.0,1.0,1
0.7307746911386448,-2.107689387614403,0.0,1.0,1
-1.5720402556532407,0.7692362080371281,0.0,0.0,0
-0.06695317289820084,1.2217286662175928,1.0,0.0,1
-1.172007192594816,0.64455841198398,1.0,0.0,0
-0.5182798423662747,-0.8796424273675065,0.0,0.0,0
1.5112284332767216,0.6737943936677578,1.0,0.0,1
0.637533810897696,0.8605297079614455,0.0,1.0,1
-0.6989304285787463,1.5588162477990857,0.0,0.0,1
-1.013717366440399,-0.8761099242279576,0.0,1.0,0
0.03278209287626079,-0.22645458454413847,0.0,1.0,1
-1.2165601493811278,0.7472720511434552,0.0,0.0,0
-0.6711402773965811,0.05741007143815779,0.0,1.0,0
0.31200947155124387,-1.1173276020512748,0.0,0.0,1
1.1553120361066962,0.414616285026703,0.0,1.0,1
0.6087614722244398,0.5786616338151667,1.0,0.0,1
-2.2912895085981,0.08796289633100199,0.0,1.0,0
0.3043667290302598,0.21958492717994416,1.0,0.0,1
0.07203357323257792,-0.25870590168573016,0.0,0.0,1
0.41389028537269307,1.4782789357160593,0.0,1.0,1
1.6162096816512073,-0.9006921837126766,0.0,1.0,1
-2.063238276804743,-0.5873207627637789,0.0,1.0,0
-0.5911034251911056,0.010985513527525621,0.0,1.0,1
0.5909063227933546,0.8789540277008926,1.0,0.0,1
-1.5815943994539423,-1.4973731700945367,1.0,0.0,0
1.475949048053509,-1.3102967497654392,0.0,1.0,1
0.3683566127006584,-2.037728507734718,1.0,0.0,0
0.846583985843404,0.03269522525327079,0.0,0.0,1
-0.5709436615217945,-1.1183058172065439,1.0,0.0,1
0.8137636899662105,-0.3845501100179167,0.0,0.0,1
1.0684715559890383,0.661378189891708,0.0,1.0,1
0.23287802013716835,-0.6415427207828466,0.0,1.0,1
0.23440089269869593,0.23128202274336457,1.0,0.0,1
0.2703432392817259,-0.29933790775172203,0.0,1.0,1
-0.8633452647393817,0.6721143150964368,0.0,0.0,0
-0.14752868024035293,0.4751280673480088,1.0,0.0,0
-0.1525225324523588,-0.69193369617461,1.0,0.0,0
0.3833938643534951,-0.16865175340045263,0.0,1.0,1
0.9998242469102946,1.0437433977204944,1.0,0.0,1
-1.0585360819784093,0.393376870254097,1.0,0.0,0
-0.12500903031957764,-1.3969620577511315,0.0,1.0,0
1.4814555476589732,0.6556180611713827,0.0,1.0,1
-0.7435882288125641,-1.0846106224362382,0.0,1.0,0
-0.8222500172903203,1.412513069961006,0.0,0.0,0
0.20230619183119358,1.024098839841025,0.0,0.0,1
0.8443851904853201,0.2898854759184008,1.0,0.0,1
0.01142605556065933,0.1572328434361934,0.0,1.0,0
1.3289605904369892,-0.20903225602742,1.0,0.0,1
0.8567939825665268,0.6785239514000281,1.0,0.0,1
0.8418200668900618,-0.37077816946206166,1.0,0.0,1
0.5541165013240933,0.23556987063989387,0.0,1.0,0
2.327653100346085,0.8719343665194511,0.0,0.0,1
-0.2051616888660442,-0.5618065435255897,0.0,0.0,0
-2.003522292066514,-0.6161927399906946,0.0,1.0,0
1.604254361517141,-1.194365480724459,0.0,0.0,1
-0.45769943095682564,-1.0644727461261723,1.0,0.0,1
0.10788044434303304,-1.8283953114415024,0.0,0.0,1
1.309550684860527,0.7298287890155296,0.0,0.0,1
-1.6022595410589253,1.8089145420827708,1.0,0.0,0
-1.2516472141061394,1.4253289434703056,0.0,1.0,0
-1.6012779371188537,-1.6260844886265164,0.0,0.0,0
-0.7941362900254239,0.7248546715562,0.0,1.0,0
0.43963660601699356,1.4221063499235564,0.0,0.0,1
0.524187842812771,-0.456809980738664,0.0,0.0,1
0.27627417932855375,0.10144743065004946,0.0,1.0,1
-1.4127658838923665,-2.0078930508046704,1.0,0.0,0
-2.310103436632644,0.2667361679766415,0.0,1.0,0
0.054353585390382264,-1.0635597294347174,1.0,0.0,1
-0.47177603363833576,0.19963501791151453,0.0,1.0,0
0.45938577171661177,-1.5612029221888803,0.0,1.0,0
0.7019536262212701,0.5428582244775959,0.0,1.0,1
0.13824143205868192,1.0245126754266898,1.0,0.0,0
0.7601330853758538,-0.7831798617151676,1.0,0.0,1
0.22921137411506842,-1.1369225814104345,0.0,0.0,1
0.5300647056014667,-2.156023042549981,1.0,0.0,1
-0.7046732628698824,-0.26641353407517704,1.0,0.0,0
-0.17961141383145854,-0.5815939342816051,0.0,0.0,0
0.19677609665695725,-1.5510194123480547,1.0,0.0,1
0.8205284754174188,0.45301875631217164,0.0,1.0,1
-0.3937411722245721,-0.44997038186464916,1.0,0.0,0
0.5211672557321126,-1.0757359586452324,1.0,0.0,1
-0.265838791915379,-0.5545724056404471,0.0,1.0,0
-0.11754216732813036,1.0713045389296156,0.0,1.0,0
0.829519042024073,0.6029369437552222,1.0,0.0,1
-1.993060371054156,-0.13002606149848983,1.0,0.0,0
-1.296472328074761,0.6191050184648526,1.0,0.0,0
-1.4821853974428207,-1.160911956386739,0.0,1.0,0
-2.3336161198483047,0.03237010072703053,0.0,0.0,0
-0.6782644401551767,0.14732233048647056,1.0,0.0,1
0.7494338997277404,-0.4698365084987269,1.0,0.0,0
-0.28488406638257474,0.43545833595741784,0.0,1.0,0
0.19779008194185213,-0.7804334546444512,0.0,1.0,1
1.0892174967107926,0.5098207077761179,1.0,0.0,1
1.3276861322676916,0.5518587715312919,1.0,0.0,1
-0.06913793472613955,-2.917159880697066,0.0,1.0,0
1.3535858895693973,1.1903057035101177,0.0,1.0,1
0.09212665843410921,-3.047632565352754,0.0,1.0,1
-0.8373982238274621,-0.6160490255561253,1.0,0.0,0
-0.5944003521987352,1.025348034257755,0.0,0.0,0
-1.4805365125650163,-0.31728672525244067,0.0,1.0,0
-0.8881338537336524,-1.466185982469542,0.0,1.0,0
-0.35801668807442916,-1.0937370617166706,1.0,0.0,1
0.8035850193786016,1.0269057463206197,0.0,0.0,1
1.7207698311659838,-1.9215045305486382,0.0,0.0,1
-1.38218151537704,1.1289911009620173,1.0,0.0,0
0.39282746825991893,-0.05510209904228934,0.0,0.0,1
-1.0405439391575344,-1.1923953304424335,0.0,0.0,0
0.47469708846320197,-0.5831150723026911,1.0,0.0,1
-0.1310866506877266,-1.0172243411016413,0.0,0.0,1
-1.8309058258475304,0.8662252008585286,1.0,0.0,0
0.9282969915684843,0.7324278097628383,1.0,0.0,1
-0.605000712808731,-1.7191611338760466,1.0,0.0,1
-0.5339002383735546,-0.4035921185193341,0.0,1.0,0
-1.06975241128969,-0.8631856623442771,0.0,1.0,0
-0.6542832766875555,1.2935099684593703,0.0,1.0,0
0.4278904406949172,-1.350099118126421,1.0,0.0,1
-0.18924434093640552,1.604229104685014,1.0,0.0,0
0.32866200228248105,-0.033294739516937566,0.0,0.0,1
0.3619218539288437,-1.1619344063800876,0.0,0.0,1
1.320661655528167,-0.6772741840092779,0.0,0.0,1
-0.3427861508643793,-0.8016188407684506,1.0,0.0,0
-1.4768578168457318,-1.274618402015506,0.0,0.0,0
1.067222416571983,0.09482685973037566,0.0,0.0,1
-0.3314881720972547,-1.2279155506918433,0.0,1.0,1
1.114592444577377,-2.1803662087381888,1.0,0.0,1
0.3833771131824704,-0.3796764708481731,0.0,0.0,1
-0.13113753020334493,-1.8028561964178826,0.0,1.0,1
0.3487758940462951,-0.7521608680675204,1.0,0.0,1
1.9510125601262995,-0.9091028886033559,1.0,0.0,1
2.076980529053753,-0.8712160720258142,0.0,1.0,1
0.0693811351327787,2.0009631015901537,1.0,0.0,1
0.1601905933170753,0.05641156716957076,1.0,0.0,1
1.0762401574663856,0.24537100899533215,0.0,1.0,1
-0.8456610327673472,-1.7763982963422946,0.0,0.0,0
0.3330703726182551,-0.6539631336369219,1.0,0.0,0
-0.0258628479538564,0.21530262994151197,0.0,1.0,0
0.3139082114575536,-1.0245289129130064,0.0,0.0,0
-0.8333688059494058,0.9080628435179854,0.0,0.0,0
-1.589567493308969,-1.2026965859010301,0.0,0.0,0
-2.0729834359912918,-0.2863661358651756,1.0,0.0,0
-1.1173841129896078,-0.5860516399755586,0.0,0.0,0
-0.458675284939333,0.16432065938191598,0.0,0.0,0
-0.2931915866487618,-0.640490071855426,1.0,0.0,1
1.9372311624295169,-0.27089362707093734,0.0,1.0,1
1.1059933699072981,-0.23613009177798555,0.0,1.0,1
-0.9620911163416273,-0.734387757391301,0.0,1.0,0
0.34770845245095694,0.48509386849711267,1.0,0.0,1
-0.4070782363503251,0.23838837483742528,0.0,0.0,0
-0.28436383804009513,-0.0886139452531673,0.0,0.0,0
0.18532564941538202,-0.4304583334619581,0.0,1.0,0
0.6191711169753933,0.796544030519997,0.0,0.0,1
-0.33925848388401536,-0.23583424381418136,0.0,1.0,0
1.0638515327343585,-0.3066972878259372,0.0,0.0,1
-1.141938226142404,0.10469002988812601,0.0,1.0,0
0.006339062362268442,1.6965866829708507,0.0,1.0,1
2.5976737265958323,-1.340356208021204,1.0,0.0,1
0.2230797426252751,0.7698568930553547,0.0,1.0,0
1.4332145066061728,-1.893171161238105,1.0,0.0,1
0.09152017817320818,0.21727315822862395,1.0,0.0,0
0.5807770953297967,1.5750828276087308,1.0,0.0,0
-0.056783194392691534,0.48866852446730713,0.0,0.0,1
-0.17040758116420443,0.1706250785397928,1.0,0.0,0
-0.7794823967254196,-0.5604494688030756,0.0,0.0,0
0.4303013589575532,0.03104720048855424,0.0,0.0,1
-0.8515371891857679,-0.2520628154033563,1.0,0.0,0
0.6655852363134291,-0.7859766079313554,0.0,1.0,1
1.08528700444591,-0.28987561547486984,0.0,1.0,1
0.36653140723722993,0.19838116062643954,0.0,1.0,0
-0.28624873355569186,-0.7672170685306403,0.0,0.0,0
0.4539655793086961,-0.8062818206846841,0.0,1.0,1
-0.3086730555464126,-1.3602434375921744,0.0,1.0,1
0.9355471254651493,0.3907250260888961,0.0,1.0,1
-1.8314060842151236,0.5453232619670604,0.0,0.0,0
-0.3356073681186462,0.23166044423651747,0.0,1.0,0
-1.9908119951239978,0.9651704927286658,0.0,1.0,0
-1.495060830227205,0.08786763708072752,0.0,0.0,0
1.3638622298139094,0.3920109373657567,0.0,0.0,1
0.895184981971686,0.30383742563756283,0.0,0.0,1
-0.7194802332847904,-0.09154001941820787,0.0,0.0,0
-1.502503456040897,-0.5308218281296473,0.0,1.0,0
-2.964528837841651,2.214152615791911,0.0,0.0,0
-0.5434955079326346,-0.4519509798535085,1.0,0.0,0
2.4204150122474024,-0.6658777111204364,1.0,0.0,1
0.4348842714636474,0.43400982345010697,0.0,1.0,1
-0.5595722860494895,0.25185441529500513,0.0,0.0,1
0.46508020950030626,-1.4047915476103274,0.0,1.0,1
-1.5609583529944429,1.1226782545637386,0.0,1.0,0
-0.29732336269763543,-0.09419457535083331,0.0,1.0,0
0.09947747301573849,-1.1109310952157205,1.0,0.0,1
-0.08610065182104851,1.188784114353874,0.0,1.0,0
0.7908061216900806,0.625675571596154,0.0,1.0,1
0.34464522623605237,-1.2645419919479142,0.0,1.0,1
0.668326018107997,1.7771828402577243,0.0,1.0,1
-0.6883722822307594,0.6587973683661927,1.0,0.0,0
0.8978154084105481,-0.010196115625046132,0.0,0.0,1
1.6289369476239914,1.5902188056217794,0.0,1.0,1
-0.9701495196514126,0.15929778382964058,1.0,0.0,0
-0.8876956557145598,-0.02808307510403198,0.0,1.0,0
1.3357843363202329,-0.660300116021989,0.0,1.0,1
-0.19134398669506028,0.5818504393070786,1.0,0.0,0
1.403821392066557,0.4766029673239799,1.0,0.0,1
-0.4425357118921839,0.014680139889711287,1.0,0.0,0
1.4550455762707113,-0.789986353867603,0.0,1.0,1
0.13148581680545218,0.12992985416607386,0.0,0.0,0
0.2582288233226952,-0.06979878576213788,0.0,0.0,1
1.5647180216699044,-1.333474318734201,0.0,1.0,1
-0.36177047744417123,-1.4718123513241856,0.0,0.0,0
-0.9411220959249583,0.5651533788097695,1.0,0.0,0
-0.44856420802835434,-2.601888315051689,0.0,0.0,0
0.4523339506431387,0.20541052696125997,0.0,1.0,1
-1.5657590721805144,-0.4780830577538245,0.0,0.0,0
0.6374709026511215,1.3082466068799101,0.0,0.0,1
-0.5387713176177432,-0.49346820915387574,0.0,1.0,0
1.1478126607335635,0.659484214251896,1.0,0.0,1
-2.3942603049004716,-0.3969138412377916,0.0,1.0,0
-0.7865657751041687,0.11374815348614345,0.0,0.0,0
-1.686468151234102,0.7368365309200512,0.0,0.0,0
-0.8262294663639526,-0.46255571632458015,0.0,0.0,0
0.24766590110894313,0.996554884498404,1.0,0.0,1
-0.1792266254497549,-0.9936978771064832,0.0,1.0,1
-0.25337756894801494,0.2945928425583791,1.0,0.0,1
-0.1591848713800608,0.9226397227878528,0.0,0.0,0
0.20338824061994343,0.6600374917903349,0.0,0.0,1
-1.0085360419431078,1.9164448767354103,1.0,0.0,1
0.7068496408990508,-0.7634393173106605,0.0,1.0,1
0.6626659703854839,-1.379149251348588,0.0,0.0,1
0.385037937656101,-0.9943351084951194,0.0,0.0,1
0.5565334427512632,0.660442566548437,0.0,1.0,1
0.2964180008086595,0.4979229342693786,1.0,0.0,0
2.0350733027310675,0.10225665964741577,0.0,0.0,1
-0.0870941710525099,-1.12295704910713,0.0,0.0,0
-0.30708321833457675,0.7668672933290608,0.0,1.0,0
-0.7535275803573779,-1.2247047776505404,0.0,0.0,0
-1.0322626705778368,1.1589495823768998,1.0,0.0,0
-1.2444717876010754,2.857438423139865,0.0,1.0,0
-0.8887973132309185,0.3664511465715505,1.0,0.0,0
-0.07068038165207131,0.5831081356577431,0.0,0.0,1
0.3342951284977145,-0.4928597688955594,0.0,0.0,0
0.051142058552161786,-1.8102133210868163,0.0,0.0,1
-0.765535277429713,-0.6027193630302223,0.0,1.0,0
0.9001845640199633,-1.0928952410987494,1.0,0.0,1
0.7394126723009475,-1.4470045764150157,1.0,0.0,1
-0.159648307422017,1.7223599419956492,0.0,1.0,0
-0.652916144664712,0.272862518025773,0.0,0.0,0
0.5484279208297995,0.37968758061398367,1.0,0.0,1
0.18797358748610446,-0.30902236519624954,0.0,0.0,1
-1.4481272594150476,-0.17287108244343635,1.0,0.0,0
-0.0679802559844049,0.9645506822393334,0.0,1.0,0
0.26203581207438104,-0.03233711869521544,1.0,0.0,1
-0.8996947864877538,0.5306939380247327,0.0,1.0,0
0.189843392837443,-0.19600429784501586,0.0,1.0,0
-1.4548224852577891,-0.3421528907320472,1.0,0.0,0
1.3361861000121709,-1.406914165601862,0.0,1.0,1
1.2479499850594318,-1.977749062367128,0.0,0.0,1
-0.25251733430296475,-0.2615619010664018,0.0,0.0,0
0.36345433783907316,0.05649669199323269,1.0,0.0,0
-2.409921965799875,-1.286130036708791,0.0,0.0,0
-1.1563476602653329,-0.03447486503463288,0.0,0.0,0
-0.2937789201521298,0.053752562990502024,0.0,0.0,0
-1.0721330214268592,-2.156008006059379,0.0,1.0,0
0.7143964826306588,-0.9151246594795012,0.0,0.0,1
1.997296530747994,0.4072638937354685,0.0,1.0,1
-1.176614719429302,0.3870587293957439,1.0,0.0,0
-0.8374634040851927,-1.1536749163997606,1.0,0.0,0
0.23544836830993032,0.15844805049973495,0.0,0.0,1
1.6111161484996208,1.0224072253604721,1.0,0.0,1
-1.2223743125399031,0.7770729589908982,0.0,1.0,0
0.24903612230694197,-0.09528578701393456,0.0,0.0,1
1.8212988508131087,-0.4679763133242924,1.0,0.0,1
-1.6517591481792673,-0.6293444843345044,0.0,1.0,0
-1.281069206845832,0.4678197829096571,1.0,0.0,0
-0.42360660646083825,0.19510397314288802,0.0,1.0,1
-0.520588412855411,0.6294040061022004,1.0,0.0,0
0.8126012877536446,0.13187381312115198,0.0,0.0,1
0.24165971982083806,0.8187639503474419,1.0,0.0,1
-1.7749620596421283,0.09459253295770016,0.0,0.0,0
0.5154104029008109,0.7846887161316864,0.0,0.0,0
-0.5775388873556505,0.8708227703666389,0.0,0.0,0
1.274447216941239,-0.8045266302248135,0.0,0.0,1
-0.6275875364369197,-1.808144046870746,1.0,0.0,1
-0.6366152831022357,1.5434928560145533,0.0,0.0,0
0.5411316108045314,0.2566587307122617,0.0,1.0,1
0.7629264823369366,-1.7144858954961215,0.0,0.0,1
0.4480993639362036,-0.7138194972187111,0.0,0.0,0
-1.6855973173848082,0.7718742923698284,0.0,1.0,0
0.5380344399282511,-0.279676831132893,0.0,1.0,1
-1.034308051674399,-0.5120614193191271,1.0,0.0,0
0.2352761115882635,1.4008818603129667,1.0,0.0,1
-1.4237344353990602,-1.0472871463838105,0.0,1.0,0
0.44632214754306365,-0.7981533577548339,0.0,0.0,1
-0.8065989043073726,0.21138647504826755,0.0,1.0,0
-1.2826346502605217,0.39045493205388226,0.0,1.0,0
0.7138201364823995,0.4963430343407315,1.0,0.0,1
0.2416445216767513,0.9112380445689469,0.0,1.0,1
-0.6139768013928971,0.19857862068151685,0.0,1.0,0
1.4511788490210642,0.48938393893840915,0.0,0.0,1
-0.44065242156974244,-0.2592092593150832,0.0,0.0,1
0.03210767397093466,0.06269830323671424,0.0,1.0,0
0.2689134476786009,0.10753418005363442,0.0,0.0,1
-0.6196659341286136,0.21509813581903608,0.0,1.0,0
0.47113629339992935,0.7725398075827608,0.0,0.0,0
-0.5334523471647244,0.555145681944831,0.0,1.0,0
-0.4116383222162092,0.0442170029001831,1.0,0.0,0
1.362642639803341,-0.8091259849410398,0.0,1.0,1
-1.040586052512433,0.06767125806270954,1.0,0.0,0
-2.41278033092949,-0.028017784895743934,1.0,0.0,0
1.6109369950118944,0.19318157981319836,0.0,0.0,1
2.549327952607003,2.206525307140402,0.0,0.0,1
-0.40526926544933184,-0.5237727785412354,1.0,0.0,0
-1.9368380406201853,0.42228901912535954,0.0,0.0,0
-0.31048397619594376,1.0684620672442982,1.0,0.0,0
-0.2862229498406692,0.09800191409938289,1.0,0.0,0
-0.18992384102225704,2.337845119172165,0.0,0.0,0
-1.1133880419218483,-0.3780392917314767,1.0,0.0,0
0.5795611424764774,0.32408922232004705,0.0,0.0,1
0.5245073752860862,-0.798805744892982,0.0,0.0,1
-1.4944056198193065,-0.35152473514329313,1.0,0.0,0
0.6991967316948878,0.2489339103966579,1.0,0.0,0
2.052684981945891,0.8463040623077297,0.0,0.0,1
0.17196033243705985,0.3190948340235742,0.0,1.0,1
-0.33732516206850605,1.259114849334736,0.0,1.0,0
-0.1420032144075213,-0.09496531059267174,0.0,1.0,0
0.6152567669685612,-0.33216852983900536,0.0,1.0,1
-1.7306716055072182,2.7039851072793866,0.0,0.0,0
0.16439070297730224,0.39423764944203077,0.0,1.0,0
-0.3904639494628101,-0.7194815459785476,1.0,0.0,0
1.8478250129560454,-0.6942637622480688,0.0,1.0,1
-0.17417273380495787,-0.9426799145313405,0.0,0.0,1
1.6678876111195198,0.9365693558567879,1.0,0.0,1
-1.1037406977820072,-0.36437729289324183,0.0,1.0,1
0.5872591668027922,0.12736247565648562,0.0,0.0,1
0.3194002637912288,-0.06350867443826871,0.0,1.0,1
-0.8690472478647824,0.7314924079409346,1.0,0.0,0
0.17739611463694044,-0.8467440928840201,1.0,0.0,1
1.2125188368316004,-1.0755722861430155,0.0,1.0,1
-0.3237917042866007,0.22429730718159427,0.0,1.0,0
-1.6919626491697632,0.600959284699897,0.0,0.0,0
-0.01756282647744591,0.33253231309764075,0.0,1.0,1
-0.9024230947925126,-0.8094537290973276,0.0,0.0,0
-0.3423409386638824,0.6774848420913938,1.0,0.0,0
-0.08158776968512098,-0.7438609270956342,0.0,1.0,1
-1.7056522160155172,-0.5215386447863833,1.0,0.0,0
-1.615658339320678,-0.9439535247220022,0.0,1.0,0
0.48206683552552526,1.3011583486520308,1.0,0.0,1
-0.5227186961696804,0.6334215410273492,0.0,1.0,0
-2.564744341820567,0.6049933756788733,0.0,1.0,0
0.7848440366081351,1.2472114211424503,1.0,0.0,1
0.27236975527423984,2.8126492482387233,1.0,0.0,1
-0.713874824036484,-1.7092261039101555,0.0,1.0,0
-1.3168302110582415,-0.7383765808771081,0.0,0.0,0
0.8358078963143372,-0.6161750841745238,1.0,0.0,1
0.3493506225604296,-0.8508196223826928,0.0,1.0,1
2.3826022826840734,-1.0775832476037126,1.0,0.0,1
0.42018859872493736,-0.2996530640553656,0.0,0.0,1
0.3877031412620148,-1.216603715289405,0.0,1.0,1
-0.16692793010856513,0.3350423675374132,0.0,0.0,0
0.816775867200791,0.051698321428614635,1.0,0.0,1
0.6250852012481537,0.4810286647636553,1.0,0.0,0
1.251725008565195,0.5077284516382525,0.0,1.0,1
-0.5213229186372847,0.6030068534266765,0.0,1.0,1
-0.4354074729439623,-0.3734089368238823,0.0,0.0,1
-0.4791031709119801,2.1211434026336673,0.0,0.0,0
0.7908017211789892,0.23443111648209775,0.0,0.0,1
1.498374440296732,-1.862484752624795,0.0,1.0,1
-0.45884049314930064,-1.0023757457662175,0.0,1.0,0
-0.42477372779309125,-1.7405029890278156,0.0,1.0,0
0.3140772238697992,0.01733462915130733,1.0,0.0,0
-0.24576150001290142,-0.12180522405333363,0.0,1.0,1
0.95205365313989,-0.4684256978994578,0.0,1.0,1
-2.2517772906190467,2.010926112400514,1.0,0.0,0
-0.8267050469168946,0.5489828740769108,1.0,0.0,0
-0.7824163339614458,0.7260983614463344,0.0,1.0,0
-2.320356012386145,-0.9310734879421032,0.0,1.0,0
-0.9636384443688041,-0.9991448913310123,0.0,0.0,0
-0.9151561158459262,0.03680549909695475,0.0,1.0,0
-0.20110465451883033,0.17300713965222583,0.0,0.0,0
1.1129658916602636,-1.856311567114457,0.0,1.0,1
-0.24506065119070236,-0.18030702284953407,1.0,0.0,0
-1.0308137202711538,0.014072082873504806,1.0,0.0,0
-0.056954541213528984,-0.21514916577112894,0.0,0.0,1
1.0491736214413494,-0.8133904123466764,0.0,1.0,1
-0.9759588161149049,-0.53953518192114,1.0,0.0,0
-0.9105748839214486,-0.17685919357279603,0.0,1.0,0
0.5585489592742234,0.09080002361004777,0.0,0.0,0
-0.22153611573080054,0.604791582550568,0.0,1.0,0
0.6474846907094743,1.0808562049508712,1.0,0.0,0
-0.013646791795296761,-0.2943477235272498,1.0,0.0,0
0.701663648089567,-0.45615619611535785,0.0,0.0,0
-1.0350781140406409,0.43765567353430623,0.0,0.0,0
-0.01208465078826744,0.6108449164108543,0.0,0.0,1
-0.21069001436315682,-0.4342004332588856,0.0,0.0,0
-1.2158909241041307,0.7903934769661722,1.0,0.0,0
-1.5634779478686884,0.9795853411559731,1.0,0.0,0
0.6857490352746618,1.291686465658673,1.0,0.0,1
-0.3509523822179781,1.7783209067198225,1.0,0.0,0
-1.0222802816473295,-0.8664161386594389,0.0,0.0,0
-0.09617893692333225,0.01389820933251119,0.0,0.0,1
1.1280188573493026,0.011277696618660139,1.0,0.0,1
-2.280737845371923,-0.0980735685325076,0.0,0.0,0
-1.4966386899033264,-0.6492629196101362,0.0,1.0,0
-0.9228864418952676,-1.4855620032310715,1.0,0.0,0
1.461178866720329,0.0926794460290038,0.0,0.0,0
0.2825869829192965,-0.7683556595479125,0.0,0.0,1
0.7673172404612268,0.085993480747625,0.0,1.0,1
-1.1401609191262305,-0.7940435416988534,0.0,0.0,0
-1.1195358752705262,-1.0996583458443414,0.0,1.0,0
0.4478137167227104,0.2342983603768977,0.0,0.0,1
0.05827433093544655,0.15092152680649595,0.0,1.0,1
0.5487388188641266,0.579281971320933,0.0,0.0,1
-0.18767099092845213,2.1858637664176253,1.0,0.0,0
0.278143726454627,0.2772895312108468,1.0,0.0,0
0.15811908490510918,0.4850817670641296,0.0,0.0,1
0.7777673890849254,-1.0775613288673254,1.0,0.0,1
0.8070082819444706,-1.2869074405363745,1.0,0.0,1
-1.6198719943917699,1.5828294467733337,0.0,0.0,0
-2.2472685553408556,-0.9234797799333037,1.0,0.0,0
1.0017453976515072,-1.043944071468642,0.0,1.0,1
1.1877250932619365,-0.03909892121655298,1.0,0.0,1
-1.0206230195133374,-0.09019241337738836,1.0,0.0,0
-1.8598354065456286,-0.9025065064432917,0.0,0.0,0
0.09903482100720092,-0.3049732187131,1.0,0.0,0
0.9308382263505294,1.2293757176501043,1.0,0.0,1
1.7975945224343146,-0.8059936088317976,0.0,0.0,1
0.516297572101451,-1.3936724843661716,0.0,0.0,1
-0.37171669658569495,0.9425936208997923,1.0,0.0,0
-0.8931306215848627,0.4922969119380367,0.0,0.0,0
0.011451291670654416,-0.6205186206486616,0.0,1.0,0
-0.2992647038852564,-1.582167016126918,0.0,0.0,1
-1.0150679057288161,-0.7446233564385631,1.0,0.0,0
2.0487556508632867,-0.05470443684927131,0.0,0.0,1
1.785168402072131,1.165672089883819,0.0,1.0,1
1.1360486835554284,-1.036581974869657,0.0,0.0,1
-0.9208503978091276,-0.08451988151147344,0.0,1.0,0
0.8550193242972788,0.675144659894898,0.0,0.0,1
0.6396264094979018,-2.3812673401219207,0.0,1.0,1
0.44254562420405297,1.0337861679388998,1.0,0.0,1
1.2496652670437771,-1.1824505722064373,0.0,0.0,1
0.6353711428612774,0.3319954934569346,0.0,0.0,1
0.7400142363043355,0.24668314961074406,1.0,0.0,1
0.6369062833722101,1.084586391463845,0.0,1.0,1
0.3407914080021059,0.5509243808935403,0.0,1.0,1
-1.7836111297141835,-2.377290491729981,0.0,1.0,0
0.08362107741055723,-0.7847792471559913,0.0,0.0,0
-0.5561919588491252,0.13820512935328008,0.0,0.0,0
-1.2798409576400205,-0.19497988611978695,1.0,0.0,0
1.681816619300824,0.47761072975677044,0.0,0.0,1
1.7289953408857035,0.7893665556697054,0.0,1.0,1
1.359220600295612,0.6084517364296791,0.0,0.0,1
0.2552134168558746,-0.21427494255446522,0.0,0.0,0
1.3506251209526567,-1.8463370111204804,0.0,1.0,1
0.012053180601825543,-0.4554812488548173,0.0,1.0,0
0.20279727689777938,0.4163681481389552,0.0,1.0,1
-1.093471370461983,-1.0904472525504776,0.0,0.0,0
0.39699130449884,0.6312747301215763,0.0,1.0,0
0.0603859284244171,0.9083932972673044,1.0,0.0,1
-1.3026521168344645,0.12686697629584257,0.0,1.0,0
-0.051197111816596905,-3.063779866312396,1.0,0.0,0
-0.07972956385680847,-1.2780883627118034,0.0,1.0,1
1.79756116664464,1.8861891585560817,1.0,0.0,1
0.8942133285134095,-0.546537793028378,1.0,0.0,1
0.011445439091466015,-1.984143223128996,0.0,0.0,1
0.248787309801083,1.2352473883102724,1.0,0.0,1
0.044212378104198057,0.013355591543672855,0.0,1.0,0
-0.20291398479554773,1.1049404889577255,0.0,0.0,1
-1.0824271973882869,0.2769586752193653,0.0,0.0,0
-0.15105187760692926,0.4585591362121688,0.0,1.0,0
-0.7460982566525134,0.3630092477145166,1.0,0.0,0
-1.2503155389231464,0.697488311921,0.0,0.0,0
0.5112218145475347,2.2774304485560983,0.0,0.0,1
0.39126465993323495,0.9710063359591881,0.0,1.0,1
-1.786707511368078,-1.580339317845535,1.0,0.0,0
-0.12268463749512722,0.4466615152789034,1.0,0.0,0
0.9957013858999235,1.1414807681032177,1.0,0.0,1
1.0592237388963208,1.202700806536146,1.0,0.0,1
1.0258368428852387,-0.42660498305909955,0.0,0.0,1
0.0389132069014598,1.1649444451881277,1.0,0.0,1
-0.8450453279691511,0.9277423995512052,1.0,0.0,0
-1.0836988273580606,2.57251743696973,0.0,0.0,0
0.3446049047503575,-0.7500017362485115,0.0,0.0,1
0.379280034365163,-0.5074005764004252,1.0,0.0,1
1.2873311116050654,-0.3061190484599539,0.0,1.0,1
1.0999796503420836,-0.4902221500387753,0.0,1.0,1
-0.1322286565311721,-0.890020749763603,0.0,1.0,1
-1.2442058788608694,-2.762675505673743,0.0,0.0,0
-0.31910659701089783,-0.4346994737231341,0.0,0.0,1
0.21723119481052466,0.36935805969990443,0.0,0.0,1
-0.2020832453894041,-0.4932218455059107,1.0,0.0,0
-0.5778941080776558,1.9353811835291097,1.0,0.0,0
0.2528848149698989,0.013375812715862578,0.0,1.0,1
-0.5039577414106104,1.2910290551841355,1.0,0.0,0
-0.628066083725374,0.26142041272996835,0.0,1.0,0
0.31145283430343956,0.826407309893258,1.0,0.0,1
-0.4019925801292048,0.27924155393356226,0.0,0.0,0
0.24410438897835213,1.3687846319035628,1.0,0.0,1
0.2732040228521227,0.05593935013240072,1.0,0.0,1
-1.1394290010915746,0.4961207080887857,1.0,0.0,0
-0.4812411238654122,0.3663329336500437,1.0,0.0,1
1.4377769399164624,-0.2882854581273188,0.0,1.0,1
-1.1620795127342871,0.4049823189246768,0.0,1.0,0
-2.116654448970531,2.234386246197682,0.0,0.0,0
-1.8618451532425115,-0.270396942095442,1.0,0.0,0
0.029109946576669203,0.4194648928532483,0.0,1.0,0
0.03091727803269891,1.2577789508694428,0.0,1.0,0
-0.11761085542512094,1.1402532809442802,0.0,1.0,0
1.2141898289285016,0.011716417719365251,0.0,0.0,1
-2.672834433102938,-2.3833887029573617,1.0,0.0,0
0.3959338744308236,0.5167028186484662,0.0,1.0,1
1.5614382018035733,-2.2194742586230527,0.0,0.0,1
-1.127780764891714,1.469937230941231,0.0,0.0,0
-0.3798065117898951,0.16947387119326057,0.0,1.0,0
-0.7528919172286209,0.999674019871989,0.0,1.0,0
-0.8943460460775288,-0.9021111381810512,0.0,0.0,0
-0.32626200502304,-1.5525074733000543,0.0,1.0,0
1.4274852836845047,0.2607543841411672,0.0,0.0,1
1.8373866754875203,-0.03360343995614198,1.0,0.0,1
-0.3359392250401477,-0.4915408261571657,0.0,1.0,0
1.9050602140644701,0.08466128073276377,1.0,0.0,1
0.035576476984624864,2.76743589203226,1.0,0.0,0
1.753691026701081,0.8345255473690577,0.0,1.0,1
-0.09329864965349177,1.049498605863319,1.0,0.0,0
0.1310578260461443,0.8439368915533556,0.0,1.0,0
0.36547447264283456,1.4794621438521929,0.0,1.0,1
3.1788536793675353,-0.1900716729007449,0.0,1.0,1
0.8512855748447891,-2.0547613076752937,0.0,0.0,1
-0.7072645299514636,-0.1885861330060098,0.0,0.0,0
0.9689978702758579,0.8117357099965018,0.0,1.0,1
-0.3618325370843415,-0.9698003951150737,1.0,0.0,0
-0.48975018290120914,-0.17636595048933035,0.0,0.0,0
0.9086013598921112,-0.6917697430023131,1.0,0.0,1
0.031085587771152785,1.5020292518431304,0.0,1.0,1
0.2785759145118061,0.7494570154065637,0.0,1.0,0
0.013985221865292462,0.651540620643959,1.0,0.0,0
0.3365831266054347,0.6216013131209713,0.0,1.0,1
0.4249658974361492,-0.037249252552126945,1.0,0.0,1
-1.9369669327054153,0.1975562825275035,1.0,0.0,0
0.6665726686095336,-1.1851845805323176,0.0,1.0,1
-0.9820194198303006,-2.1864419787505676,1.0,0.0,0
-1.4422991355594112,0.15008113034502407,0.0,0.0,0
-0.05841124385868244,0.3239902562721444,1.0,0.0,0
0.08398100331445427,1.2092645684253776,0.0,1.0,0
-0.6935061645722808,1.5713358160823676,0.0,0.0,0
0.8310318576679744,1.5699984849989468,1.0,0.0,1
-1.342175166370907,-0.9980235932938778,0.0,0.0,0
-0.40694374877255896,-0.3522650349497693,0.0,0.0,0
-0.5848741349330007,0.48033429588137955,0.0,0.0,0
-0.04658727033933937,2.5319046777421774,1.0,0.0,1
0.2788642846472388,1.480099203713916,0.0,0.0,1
-1.0078929496235447,1.1193971619983802,0.0,0.0,0
0.7242826774562282,-0.3877879555492906,0.0,0.0,1
0.06300236833469973,-0.8831996311551246,1.0,0.0,0
-1.8919462533119105,0.7889078833832395,0.0,0.0,0
-1.958591440397031,-1.10066126423436,1.0,0.0,0
-0.012319292929311235,-0.23843635098030264,0.0,1.0,0
-0.2209673177863541,-0.11477794900192263,0.0,1.0,0
-0.1034201135746335,1.592912089122808,0.0,1.0,0
-0.02798245653021798,-0.35469730295967755,0.0,1.0,0
0.22555983951018072,-2.4392496385726155,1.0,0.0,1
0.9476496098482997,0.5044446476624683,0.0,1.0,1
-1.1111049009175582,-0.6990218531039264,0.0,0.0,0
-1.1719715929007948,0.042631024437746814,0.0,1.0,0
-1.0933238578873825,-0.08670470084212364,1.0,0.0,0
0.2889166671687069,-0.2737039958177683,0.0,0.0,1
1.2449473786464456,0.7903405817847039,1.0,0.0,1
-0.4313394382395105,-1.5328648783527072,0.0,1.0,0
-2.5016998441596545,-0.5170142249543602,0.0,1.0,0
-1.7039928626103755,0.6840379131173813,0.0,1.0,0
-0.8330367227960116,-0.6140847753443682,0.0,0.0,0
-0.5577288874952148,-1.6088067092699718,0.0,1.0,1
-0.4083886272547264,0.6685553432567358,0.0,0.0,0
0.038581122980917065,1.123094630441539,1.0,0.0,1
-0.3117463308224471,-0.04499520764300634,0.0,0.0,0
1.0493396105434072,-1.9608455984695325,0.0,1.0,1
-0.6760173056813688,0.7059697466988162,1.0,0.0,0
-0.862317959475543,-1.659887881419688,1.0,0.0,0
0.4788755385204616,0.3087992768481657,0.0,0.0,1
-1.5356420699261193,-0.8874638247421598,0.0,1.0,0
0.3896917053200022,-1.1598392857669653,0.0,1.0,1
0.10255318372626686,-0.4419100170796902,1.0,0.0,1
-0.1474424899181674,-0.18329755642725984,0.0,1.0,1
1.5882761071492624,-0.6442082503864482,0.0,0.0,1
-0.6222074452947179,0.5887032782151507,1.0,0.0,0
2.0602981705240784,-0.44606937845883377,0.0,1.0,1
-0.2254314492280993,0.980190871671822,0.0,1.0,0
-1.2770164449702281,0.28117316564347944,0.0,0.0,0
0.0699195809948253,-0.697557206596308,1.0,0.0,1
-1.0762452003187681,-0.8659398838322859,0.0,1.0,0
-0.7517558478135002,-1.6474962990474387,0.0,0.0,0
0.39703330001549114,0.2907331778668224,1.0,0.0,1
0.5555820886501248,-0.3545875472513581,0.0,0.0,1
-0.6221677002542582,-2.3721955280635143,0.0,0.0,0
0.9874051450464006,-0.5357148727694001,0.0,0.0,1
1.157507758021134,-0.901034029254952,0.0,1.0,0
1.436301756563291,1.5756775921706603,0.0,0.0,1
0.5294134071257222,-1.7027786118933097,0.0,0.0,1
1.3634287120856987,-1.4413507997340538,0.0,0.0,1
-1.8807984279740577,1.1099696431056998,0.0,1.0,0
-0.31790654862846257,1.3567631574639631,0.0,1.0,0
-0.8670052563234263,-0.7449829387256415,0.0,1.0,0
0.11922586112739209,-0.6320858228089109,1.0,0.0,0
-0.5714492191967373,0.6162353965533128,0.0,0.0,0
-0.16615784194973238,-2.32709979694531,0.0,0.0,1
1.8821748802040494,-1.8611936845055561,0.0,1.0,1
-0.1697197964203783,-0.28073340085071186,1.0,0.0,0
0.4137923171902139,1.549890566129126,0.0,1.0,1
-0.2322693299242352,-0.4357300881667396,0.0,1.0,0
0.07571328795683367,0.10093679173515462,0.0,1.0,1
0.006016680436071459,1.133789272564012,0.0,0.0,1
0.4483240659731595,2.106884733278146,0.0,0.0,1
1.165307535547177,-0.5768484731483126,0.0,0.0,1
1.6473939976033294,-0.016836723733426057,0.0,0.0,1
0.30962008190916684,1.8220552213428425,0.0,0.0,1
0.5895468860356021,-1.5221992751914284,0.0,1.0,0
-1.150864509185567,1.0275810705538218,0.0,1.0,0
-0.08787674241562057,-1.0183155323612583,0.0,1.0,0
0.940289464883589,0.10247236710315673,0.0,1.0,1
0.8659686384171532,-0.24261904740027426,0.0,0.0,1
0.21160973279505021,-0.9580116007012293,0.0,1.0,1
0.8863939595679524,-0.9831019276582751,0.0,1.0,1
0.49076670899381886,0.2764143642537545,1.0,0.0,1
1.2003062582593216,0.9955393281626821,0.0,0.0,1
0.2893591569571111,-0.1297362031885032,0.0,1.0,1
-0.35569831557103465,0.07011315873321637,0.0,1.0,1
0.33584125693302364,0.5711740662910472,0.0,1.0,0
-2.9305943758527757,-0.9716187730129598,1.0,0.0,0
0.38288573638504947,0.739692508412923,0.0,1.0,1
-3.6484128252147836,0.819343097059747,0.0,0.0,0
-1.723463407405418,2.60362629875041,0.0,1.0,0
0.45176860094098414,-0.3761041905595823,1.0,0.0,1
0.47752933726679525,-0.4580818016681276,0.0,1.0,1
-1.1624287801399305,0.7689658715737455,1.0,0.0,0
-0.7121020418789388,0.8191041689121383,0.0,1.0,0
1.370540988614132,-0.535087153376712,0.0,1.0,1
-0.48403013157267616,-0.40316267693004887,1.0,0.0,0
2.242920312402985,0.5411308382180404,0.0,0.0,1
-0.001919853176346149,-0.8275842407346614,1.0,0.0,1
0.4080361768812668,-0.4105339880150149,0.0,0.0,1
1.6168743984986076,0.08959276736843465,0.0,0.0,1
0.13102711619341956,0.9959386848222581,1.0,0.0,1
-1.0023439806908012,-0.6045986161795408,0.0,1.0,0
-0.10972745169429012,-1.842384462030672,1.0,0.0,0
-0.03561073619009093,-1.916597467518211,1.0,0.0,1
-1.3647416522015654,-1.2594130667061334,0.0,0.0,1
-0.25583207134082336,-1.3131677181999373,0.0,0.0,0
-0.7421920939974367,-0.15461075861990903,1.0,0.0,0
0.9243577571874341,-1.188880153597605,1.0,0.0,1
0.03461187418525562,-0.7027549598212041,1.0,0.0,0
-0.28279574914757005,-0.7740858849820498,0.0,1.0,1
-0.10618193062257626,-0.4405078608479934,1.0,0.0,0
0.22312201840616613,1.3225043315231224,1.0,0.0,0
0.6168141996897798,0.6619475894305167,0.0,1.0,1
-0.9997122286693814,0.016129415276003874,1.0,0.0,0
-1.0415876326212719,-0.4610262805808381,0.0,0.0,0
1.10467921540253,-0.4332326566230212,0.0,0.0,1
-0.4123368722047306,0.3277464699519495,0.0,0.0,0
-1.416842092596874,0.5841690733522902,1.0,0.0,0
0.44381270938310463,-0.9076175061006004,0.0,0.0,0
0.4633698060326869,0.03648075561423148,0.0,0.0,1
-1.5307152572567064,-2.031619568663027,1.0,0.0,0
0.2294817154636063,0.21171378417059702,0.0,0.0,0
0.7355830924283736,0.762149241958686,0.0,1.0,0
0.37438645170626306,-0.2800686268808754,0.0,0.0,1
0.6319814837613953,1.8165269961401054,0.0,1.0,1
-1.404269098090749,-0.8812384474360504,0.0,0.0,0
0.3310401549961956,0.21744041530326128,1.0,0.0,1
-0.30261975947044656,-0.035824746665955476,0.0,1.0,1
-0.4827901587246448,-0.10029766744340833,1.0,0.0,1
0.8705556094197265,-0.11432216800474763,1.0,0.0,1
1.47927451067423,0.10710503000947168,1.0,0.0,1
1.794370054600359,0.8479587434636998,0.0,1.0,1
1.314807871505905,1.3777362362747443,1.0,0.0,1
-0.10973418163018368,-0.0022502445041573905,0.0,0.0,1
0.35272016302634307,0.8153160721716332,0.0,1.0,1
0.7668228717842437,-0.7017669462667825,0.0,0.0,1
0.12117794929946196,0.765955452726233,0.0,0.0,0
0.13076418791154437,-0.7619915238269903,1.0,0.0,1
0.823753131876182,1.0906599360881322,1.0,0.0,1
