F1,F2,F3,F4,F5_A,F5_B,F5_C,Y
0.30471707975443135,-0.262190573175262,0.6530834794473988,-0.26939963525142857,1,0,0,1
-1.0399841062404955,-0.18458899055243497,-0.5591634713690334,-0.555377224212234,1,0,0,0
0.7504511958064572,0.09453430411337949,-0.4968234956252367,-0.9709646093156148,0,1,0,1
0.9405647163912139,0.7945117248615702,-0.004489645154653114,-1.566418380844143,0,1,0,1
-1.9510351886538364,-0.42111823538638204,1.770443997092854,-0.32310441458843564,0,1,0,0
-1.302179506862318,0.4975145003903148,0.7645053949245372,0.8305000029435629,0,0,1,0
0.12784040316728537,0.4783099086749098,-0.2859388317375458,0.49792904082552586,1,0,0,1
-0.3162425923435822,0.23405934348915164,-0.700080643784772,-0.18168409374005412,0,1,0,0
-0.016801157504288795,-0.15219403588533834,2.46659741768536,2.005615440226674,0,1,0,0
-0.85304392757358,0.7389151957012555,-0.4034778783896944,-0.4093381762157855,1,0,0,0
0.8793979748628286,-1.1767208086620706,-0.7568489117119349,-0.5003565096607243,0,0,1,1
0.7777919354289483,-0.33244518440130977,0.0029648190031288857,-0.6648040413646908,1,0,0,1
0.06603069756121605,-0.08527486614386864,-0.6150860223893573,-1.3206171691511182,0,1,0,1
1.1272412069680329,0.24847847860975358,-0.21450571999837015,-1.4222324533681179,0,1,0,1
0.4675093422520456,-1.0339340019546597,-0.2633140851267626,-0.13438690247420534,0,0,1,1
-0.8592924628832382,0.983204420840556,0.7288696377255235,0.04877429546592701,0,1,0,0
0.36875078408249884,-0.2540337493596689,0.8295342368151077,1.3829483207593671,1,0,0,1
-0.9588826008289989,1.9250759644877928,-0.8227772374369048,-0.6840825795260996,0,0,1,0
0.8784503013072725,1.0503151410359863,-0.04481275519857393,1.817154756423102,0,0,1,1
-0.049925910986252896,0.04389865365372049,-0.5181249593793479,-0.3684253743253233,0,1,0,0
-0.18486236354526056,-0.22837247686550183,-0.6479554728986928,1.1912886893359866,0,0,1,0
-0.6809295444039414,-0.8174651883163007,-0.34392904766632265,-1.1589961473449926,1,0,0,0
1.2225413386740303,1.787660613144553,-0.08317782608558376,0.4923867121950828,0,1,0,1
-0.15452948206880215,-0.7611568071291405,0.5843663494948749,0.3353234508476686,0,0,1,0
-0.4283278221631072,-0.510035118637955,1.4973441534660152,-0.5173989284387124,1,0,0,0
-0.3521335504882296,1.8966331800527536,-2.0149203286520483,-0.34648594117809894,0,1,0,0
0.5323091855533487,0.5787255417362741,-0.5960554463905732,1.2194716020078469,0,0,1,1
0.36544406436407834,0.1485392190357097,-0.19288364467139854,0.3543098635711613,0,0,1,1
0.4127326115959884,-1.0964495690583245,0.6933553957596188,0.1768502602745494,0,0,1,1
0.43082100300788273,0.8524235887510037,0.7423850105544118,1.5686816909622217,1,0,0,1
2.1416476008704612,0.9877426759411726,0.11155859204611847,0.12231745339506235,0,0,1,1
-0.4064150163846156,0.7723457222817591,-0.15606533155888205,-0.9859164795520471,1,0,0,0
-0.5122427290715373,-0.36772578184753535,-1.747105811576236,-1.1215356264502152,0,1,0,0
-0.8137727282478777,-0.39994556690957234,-1.7873950750169705,-0.35791994620195033,0,1,0,0
0.6159794225754956,-1.2101309788884798,-0.3367199881819104,0.32060442060366423,0,0,1,1
1.1289722927208916,-1.0589784402649394,0.6689536976892098,-1.0460303952058614,0,0,1,1
-0.11394745765487507,0.19573765567044948,-1.9650274248628319,-0.902223644818471,0,1,0,0
-0.840156476962528,0.009998433602751074,1.0021303405451194,-0.45536196734464973,0,1,0,0
-0.8244812156912396,0.758222516330325,-0.5336190767237563,-0.43370537548880045,0,1,0,0
0.6505927878247011,-0.47519650372931177,0.38514412852710445,0.8304364268437294,0,1,0,1
0.7432541712034423,-0.8552115042073021,-0.035798165375447985,-0.031866125852427415,0,1,0,1
0.543154268305195,-0.03619128692664608,0.3762317995506443,0.14326586005067643,1,0,0,1
-0.6655097072886943,-1.3881729682579023,-1.058735447027897,-1.183260884560334,0,1,0,0
0.23216132306671977,1.240710114636562,2.0944389988909173,0.963346225801708,0,0,1,1
0.11668580914072822,0.34807305347327355,-0.3451152772729922,1.4026219448964565,0,1,0,1
0.21868859672901295,-0.8529876181295808,-0.932794106837269,-0.8547432325227314,0,0,1,1
0.8714287779481898,1.315889915056898,-0.5693566350772231,-0.5645547143992559,1,0,0,1
0.22359554877468227,1.1879199052164189,3.048822417401645,0.5170450600242363,0,1,0,1
0.6789135630718949,0.33556960730555263,-0.6191318138704881,0.25378890837534646,1,0,0,1
0.06757906948889146,1.0148382780137326,-0.7581840650508073,0.5308155772987544,1,0,0,1
0.28911939868998415,0.07337651229635163,-0.8341295168344912,0.383546697512333,0,1,0,1
0.6312882258385404,0.4643463319476467,-0.09816239300901101,0.7845138473346008,1,0,0,1
-1.4571558198556664,-1.7907792233979514,-0.03756095783379971,1.8255943124863216,1,0,0,0
-0.31967121635730134,0.703174591650535,1.8518759515793177,0.35033743543122814,0,1,0,0
-0.4703726542927955,-0.5455272106584839,1.4869757878599097,-0.4196571011607059,0,1,0,0
-0.6388778482433419,1.9038730965870112,-1.6240477801680333,1.4843751430044287,0,1,0,0
-0.27514225122668373,-0.5579815358517001,0.9308586323281052,0.4709581057090233,1,0,0,0
1.4949413112343959,0.5747731729246044,1.741786773951842,1.5939437329934454,0,1,0,1
-0.8658311156932432,-0.4985035173853364,1.3482567223534723,-0.6758613608869128,0,1,0,0
0.9682783545914808,0.2033467767014435,-0.48558212715856985,-0.022359555154012684,0,1,0,1
-1.6828697716158048,0.3176737111655269,0.653710987007676,1.7348124233566309,0,1,0,0
-0.33488502998577485,-1.4374955676727459,0.0769898844341739,0.06353290467278674,1,0,0,0
0.1627530651050056,0.6636507752177574,-0.23889547636634678,0.22325716337916296,0,0,1,1
0.5862223313592781,0.8320949045122873,-1.240359881098275,0.6972041853278103,1,0,0,1
0.711226579792855,1.5875712241674111,-1.0052120924059298,-0.05637471283565715,0,1,0,1
0.7933472351999252,-2.015910059117993,-0.22428857064268332,-1.7775992065684496,1,0,0,1
-0.3487250722484376,-1.9802401291837475,0.13784679972952668,-1.2007846103678241,0,1,0,0
-0.46235179266456716,0.25735383996459626,0.10374910489935775,0.6352985191303779,1,0,0,0
0.8579758812571538,-0.07579787907309898,1.1309376795623118,0.27811887719489436,0,0,1,1
-0.1913043248816149,0.8180908239315112,-0.9508475609633549,1.9352151096429615,1,0,0,0
-1.2756863233379219,-0.7415753138682901,-0.22855022993644228,-0.8471897305461165,0,1,0,0
-1.1332872140034806,-0.5189055194441778,2.6677156170771945,-0.6864595944417188,1,0,0,0
-0.9194522860016113,0.3639212652599796,3.0962596105837146,0.25048321809348006,1,0,0,0
0.49716074405376404,0.03737747178258158,-1.3482603971745086,-1.404468197348499,0,1,0,1
0.14242573607056525,-0.9386766905006199,-0.4467271363320667,0.5431401805985926,0,1,0,1
0.6904853540677682,-0.7790502816668794,-0.6082441709175481,0.31351452630645793,0,1,0,1
-0.42725264633653426,-0.7835753314567582,-0.5396591772790855,0.17651798288171536,0,0,1,0
0.15853969107671423,0.8301715720164266,1.4843180128441107,-0.01349901544963118,0,1,0,1
0.6255903939673367,-0.20397508017342988,0.2681394832927044,-0.7343352082126778,0,0,1,1
-0.3093465397202384,0.743582003148713,-1.3473956308630357,-0.5654393561791934,1,0,0,0
0.45677523755741145,0.3571735448509603,-0.8538304382614259,-2.120375049911029,0,0,1,1
-0.6619259410666513,0.41237641826671523,-0.3229347896353727,0.9987363913814037,0,1,0,0
-0.3630538465650718,0.1562586228675339,1.4874860066977333,-0.7990897517113873,0,1,0,0
-0.3817378939983291,2.172970286993778,-0.10036657259366197,1.1231809330877554,0,0,1,0
-1.1958396455890397,0.014642778642658746,0.6182863112775754,1.0002524445148349,0,1,0,0
0.4869724807855818,0.40119243867303583,-0.04642447064004684,0.9332424493408285,0,0,1,1
-0.46940234020272387,-0.45859378660999345,-1.2483212913895392,-1.8583024891534874,0,1,0,0
0.01249411872768743,-0.39310381067586814,-0.4065613438478028,0.6000270652191747,1,0,0,0
0.48074665890590895,-0.5767146569910158,0.41218793049273517,0.26609212018013295,0,1,0,1
0.4465311760299441,-0.01881673184351266,-1.0802769036466966,-0.25776974209183073,0,1,0,1
0.6653851089727862,-1.3237683115738665,-1.8296831200457158,0.0036091546865814643,0,0,1,1
-0.09848548450942361,-0.23778693804333267,0.13102830071082552,-0.6577711106919142,0,0,1,0
-0.42329831204415375,0.6753144465564879,-0.7477193448716074,1.3015255137215984,1,0,0,0
-0.07971821090639905,-1.436251115402281,0.1866282629155514,1.696449600732954,1,0,0,0
-1.6873344339580298,1.4200539192133579,0.8504814930109434,1.857146613210918,1,0,0,0
-1.4471124724230873,-0.18805489725564747,0.6762829110106762,-1.0014901954127782,0,1,0,0
-1.3226996123544024,-1.2447213485933042,-1.9518951634952237,-0.9093559454153319,1,0,0,0
-0.9972468276014818,-1.2550153643798225,1.3269538451897493,0.8278542792795449,0,1,0,0
0.3997742267234366,-1.3266715772766267,-0.13539755141208704,0.9340633869886671,0,1,0,1
-0.9054790553600608,-0.2531590783323016,1.536375082079698,0.07228526250099397,0,0,1,0
-0.3781625540393897,0.4120647942005047,1.05745691711238,-1.579126430698372,1,0,0,0
1.2992282977860654,-2.3266343984367146,0.5496568415023297,0.232034399678493,0,1,0,1
-0.35626397106142593,-1.3480766693717297,0.915307946300757,2.474819243657295,1,0,0,0
0.7375155684670865,0.8249787573533507,0.689914170945514,-0.8026818693458101,0,0,1,1
-0.933617680009877,0.8741445312087487,-0.0007692778032130391,0.5101966323997544,1,0,0,0
-0.20543755786763002,-0.9797570731729366,-1.2633412859440107,-1.52004479586232,1,0,0,0
-0.9500220549105812,0.4590888902612182,0.5393009492900803,2.045068236316178,1,0,0,0
-0.3390330759005625,-0.7583013268715082,0.9678234354850844,0.9396819536292171,0,0,1,0
0.8403081374573955,0.05764893577013916,-0.8751233865686929,0.3486354061661573,1,0,0,1
-1.7273204231923487,1.6273249654630744,0.8927769016136942,0.7361691553817364,0,1,0,0
0.43442364354585733,1.9230475010482933,1.6425838029444366,0.2831003807828459,0,1,0,1
0.2377356023322779,1.173472694510017,-1.1240555150447482,-0.6029481027312857,0,0,1,1
-0.5941499556967944,1.6595661470445056,-1.7259917104400102,-0.8938218871258242,1,0,0,0
-1.4460578543884546,0.45847463513862446,0.49447252822462334,-0.5147782073050466,1,0,0,0
0.07212950771386951,-1.0538441455381178,0.41021418972813173,-0.2560339371591987,0,1,0,1
-0.5294927090638024,-2.112709767245817,-1.5172452843514246,-1.1038173624394445,1,0,0,0
0.23267621135470395,-0.8103780108643799,-0.46433081091914397,-0.6023897207183839,0,1,0,1
0.02185214552344288,-0.12658299706895576,0.30419134225957123,-1.3299248322991195,1,0,0,1
1.6017788913209154,-1.5815433896871025,-1.4642603197569612,-0.8745870370225305,0,1,0,1
-0.23935562747302427,0.16095073940549995,0.698674700624549,0.17963112831121783,1,0,0,0
-1.023497492621865,-1.0076659675856845,0.3114432378426752,1.4704957177893938,0,1,0,0
0.17927563495631615,-0.31357439815255084,-0.4863651653414515,-0.9666348518715637,1,0,0,1
0.21999668397176517,1.6795624634482418,-0.5252623370188573,1.1553377995026037,0,1,0,1
1.3591875752404365,-0.05002070682185861,-0.000262296248245752,-1.9162923714983544,1,0,0,1
0.8351112459145785,-0.29431297692960534,0.7475661540932566,-1.2829592072339244,0,0,1,1
0.35687105914950934,-0.1195710651050868,-0.6654440467658577,0.037941719547328084,0,1,0,1
1.4633028912195618,0.6964196389700638,-1.5786268955769258,0.2853604586197091,1,0,0,1
-1.188763054322851,1.8383272877778547,2.2194592216701747,1.8179276814944398,1,0,0,0
-0.6397515327497477,2.1088749218682725,0.681362724047123,0.8004959164528744,1,0,0,0
-0.9265759414055249,0.0734442544624868,0.863919974222914,1.2894372435343762,1,0,0,0
-0.38980980315576796,0.06277508594536009,-0.2772683773246625,1.5915031765196885,1,0,0,0
-1.3766861475563088,1.044293208931749,0.18768878284817778,-2.1792357154406305,0,0,1,0
0.6351509468144043,0.00862974547456601,-0.5064268322866304,-0.7372729024454971,0,1,0,1
-0.22222269709877338,0.726484992051244,0.33349442228517284,1.829290641127881,1,0,0,0
-1.4708062945026579,-0.28464181020539414,0.6623802459964931,0.040479618915814045,0,1,0,0
-1.0155790812075416,0.0014191747503256062,-0.874384846000426,-0.5506854399329693,1,0,0,0
0.3135138474501953,-0.2998759569632275,-0.16562620605673126,0.4835259130520697,0,0,1,1
0.8381265678943811,-0.6023384057268901,-0.9919797714428294,-2.9752723028734973,1,0,0,1
1.9967308916917865,0.6935725711415173,-1.2095217645593175,-2.2874268665676207,0,1,0,1
2.9138624660073296,-0.6595848158958563,-1.3044838210240988,-0.07607934654641853,0,0,1,1
0.4144094332759964,0.43359693922321313,0.1382338763408094,-0.12664966589495735,1,0,0,1
-0.9895381200318641,-1.622816761329419,-0.7390534768791699,-0.5097071166335421,1,0,0,0
-2.132046280731309,-0.0850951796035098,-1.3848256474309404,-0.21965187664226854,1,0,0,0
0.2677114623438358,-1.1877104694363543,0.0012961702962017054,-0.34140381910748924,0,0,1,1
-0.812941095310326,0.7661318219580362,1.5409254018564833,-0.5277901559933935,0,1,0,0
-0.41535726017968533,-2.101472430427448,1.4145184302905522,0.8579731147773269,0,1,0,0
-0.6120967990598081,0.36670584337982154,0.38588527794967303,1.8036490189659966,0,0,1,0
-0.14079088641638526,0.8043509172217065,0.10787471813918535,-1.6512186688737787,0,0,1,0
1.0659802307876436,1.7968990305054675,-0.934302734370324,-0.5674274278318189,0,1,0,1
0.15704856744534462,-1.4691525724456036,-0.6254232956895016,-1.0132015419181826,0,1,0,1
-0.1586348370386883,0.1455447377787542,-0.06167596639820463,0.583299969648329,0,1,0,0
-1.0356537528258116,0.18659604093636478,-0.6162201895367668,1.239633607477276,1,0,0,0
-1.674682944704357,-0.26710620542502866,-2.2802151555525767,-2.165433882680616,0,0,1,0
-0.4863079090733309,-0.7732767265941872,-0.588534831608529,0.6295246517553371,1,0,0,0
-0.05378255081832049,1.3051657949133124,-0.06848359983099467,0.5130035488851113,1,0,0,1
1.767929913579883,-1.0208926812696184,1.2827822823788946,-0.3443908799109741,0,0,1,1
0.13027452147288585,1.0548765647483835,2.0528837464504877,-0.1830010212966452,1,0,0,1
0.9827395110230576,-2.419324847567626,0.06532034491257036,0.04835056759820969,1,0,0,1
-0.49929559853915206,1.6610152643441392,-0.5320732016282556,-0.7379994536879038,1,0,0,0
-1.1849437664170246,2.24119335407987,0.6196115792555614,0.1254391572445308,0,1,0,0
-0.9651167622323719,-0.22371308610573853,-0.7055045175121104,0.007036421712600616,0,0,1,0
-0.7252260645357532,-0.8165595688770161,-0.4216151843650076,0.5619917140085289,1,0,0,0
2.1284697324351645,-0.3600221406706161,0.14863212109341623,-1.5880945859629554,1,0,0,1
-0.8213866792243861,-0.13867030606910857,0.27595814095025245,-0.5035978050121811,0,1,0,0
0.838489203736345,0.16703219208225478,1.2322011662401033,-0.12340569948297857,0,0,1,1
-0.9029271780870264,-0.08573587808681056,0.9699646164344231,1.3782747002188562,1,0,0,0
0.9315730128742441,-0.899936232691187,0.4676417387307884,-1.0268242062563584,0,0,1,1
0.38495096610586316,0.6678950297905829,-0.5320158571053628,1.1441769017610803,0,0,1,1
-0.1566378976580904,-1.394233985502186,0.5986617083299866,1.2294974472045652,1,0,0,0
-0.040762526135434025,0.12611807391229315,-1.2821991520835203,1.2444786320531234,0,0,1,0
-0.6547876954293904,0.6076640657883284,-0.7200891489473731,-0.026755497008649588,0,1,0,0
0.44607220148208054,1.5181045689454593,2.35173869149141,0.22374531130043798,0,1,0,1
-0.45498348034078,0.25818283171606343,-0.2263585577667255,1.4332367127511123,0,1,0,0
-1.2256057637672482,-0.6865433621043828,3.1275382178646605,1.5236133850573095,0,0,1,0
-1.2779375743196193,-0.15004554438362908,0.4340746409866944,0.19578547411530384,0,0,1,0
0.17258791772211948,-0.8614488037040787,-1.432808138541394,0.08321286317276536,0,0,1,1
1.579091256410435,1.8638511603298988,0.8650813605343379,1.6458876613439772,0,0,1,1
0.15999161357343825,-1.062024844516763,-0.4067618934506762,0.8347227006072102,0,1,0,1
-0.11863832610988256,-0.8250861057690738,-1.0390233113637768,-2.2526140914862056,0,0,1,0
0.2858261396025429,2.260077001054002,1.1873294221634252,0.010627326724382841,0,0,1,1
1.3060017417068248,0.35127625810773383,-0.43950906303651366,0.622918333156236,1,0,0,1
0.21938250136385634,-0.10113109845802873,-0.7044590279386239,1.020690337800588,1,0,0,1
-0.41092723083373717,1.6190092387783108,1.5232225918440339,0.5071953124318451,0,1,0,0
1.1062887100598888,-0.7991691390123469,0.9854029948480593,-0.9967863239127712,0,0,1,1
0.4287564384616135,-0.6074338778877355,1.1309472080098135,0.668660674834526,1,0,0,1
1.535755991995992,0.9927074141595794,0.6083488057855164,-0.3132786584147419,0,1,0,1
0.18323443722190613,-0.8390404686778745,-0.3173637585549977,-0.5018010202482699,1,0,0,1
-1.2244690317205003,-0.9331142371933379,0.8396248089853849,-0.19327007907715843,1,0,0,0
-1.368159199245665,-0.20738776448511217,1.4686250233013889,0.6656428285782915,0,1,0,0
1.6509279322312496,-1.2697604752917813,0.00730589066266385,0.9303313200550389,1,0,0,1
1.723665720783297,0.23223650309374613,-0.0027679078027243744,-0.28096712861956413,0,0,1,1
-0.17951921328260065,-0.9130799324676241,1.389135164159704,-0.4495386477461514,1,0,0,0
-0.38318732113598775,-1.6371139549095979,0.1377486004732888,1.43906496836077,0,0,1,0
1.4614442922422022,-0.34793051515420736,-0.9326820848671002,0.5720839516792292,1,0,0,1
-1.107045682043488,-0.4630326058028712,0.11238644370798061,-0.7769334155233134,0,0,1,0
-0.8947270189558264,1.7957935288994848,2.2457382317441024,-0.7196475570471913,0,1,0,0
0.6433267946890444,-0.33963462711834735,1.4672378720382018,0.8910356609026048,1,0,0,1
-0.3946051228595896,0.43038482637378456,1.3395412148134742,1.1196519846117718,1,0,0,0
-0.005121866720071296,-0.023887895348096978,-0.661571499608597,-0.08915064652576433,1,0,0,0
-0.16344289852451258,-0.9426556232346445,-0.7710334735949694,1.2247029853570581,0,1,0,0
0.33757454879893356,0.9610169625380239,-1.1405929374032704,0.2921589487284203,0,0,1,1
1.4074818613137168,1.9630808877511718,0.6728846947269791,0.277782840654825,0,1,0,1
0.09058490690174555,-0.5060585277695195,-0.39109207819505115,-0.14410170927295496,0,1,0,1
0.6439387932768579,0.07787794439762628,0.17205420587784687,0.536625687655924,0,1,0,1
-2.0501721010310225,-0.4661066934422036,0.22697326358044473,0.3263936365667337,0,1,0,0
-0.04871840193011795,-1.6612411220111838,-1.557779938112675,2.128480361067059,0,1,0,0
-0.8432302702928711,0.2003325297632899,0.04860612376965021,-0.9129667301187441,0,1,0,0
-1.218813060423628,0.826663815467503,-0.9428783878809811,0.02080014501786321,0,1,0,0
-0.8781523669287508,-1.843481765259975,0.008595178260912559,1.4405406429787713,0,0,1,0
-0.33412344070081207,-0.29934026695858496,-1.7172686385767533,-1.2428483729352224,1,0,0,0
0.9159025423560131,0.9399120408078471,1.3054696568622697,0.2546196419257566,1,0,0,1
-1.326392717739564,0.8036569843433735,-0.5633981452838815,-0.2053415564201228,1,0,0,0
0.030631492594417446,1.2119232960029096,0.5869536590890314,1.8187481773040535,0,1,0,1
-0.4841694333335785,0.5065843174531831,0.8859370793130356,-0.9748928571784476,1,0,0,0
-0.32767309436196085,0.5594695871839058,1.7839092563857752,2.604070015076634,0,0,1,0
1.0027578253046041,0.8175911936047306,-0.3882046662525241,-0.5389426470806531,0,1,0,1
0.5381154370039261,-0.24792558430384415,0.7460416372433469,-0.1319819087455975,0,1,0,1
1.3373981074427437,-1.1511687904585395,-1.0679162959688175,-0.3895483260261175,0,0,1,1
-0.15450567924990047,0.445225098697827,1.0108427536846711,-0.9714968875497431,1,0,0,0
-0.695942611670703,1.2961149243807903,0.6797391954203824,1.6306948629823839,0,0,1,0
-0.22385881688049952,-1.7055722954816483,-0.897324792414572,-2.288898426294309,1,0,0,0
0.2424967912712216,-1.736905762902302,-1.7277446407976953,-0.22074270317786285,0,1,0,1
0.17657335845371103,0.05291257094220007,-0.25721911066845926,-0.2546901026180014,0,0,1,1
-1.0843880722333665,-0.689762843439973,1.1173070073991163,1.0043246417760059,0,0,1,0
0.09048978162787422,-0.2583905470007576,-0.29388312679665385,0.2753530020736619,0,0,1,1
0.22822833013890514,1.3695012454682156,0.3449816280480817,1.5953865185520064,1,0,0,1
2.5174740375339204,-0.5999712469162075,1.2213970245004853,0.8664624147127753,0,0,1,1
1.8768446112816701,1.597600191609979,0.5920743748147149,-0.08820914757338931,0,1,0,1
-0.8532433505588201,0.043733414235459935,0.22852259846509157,1.0383359395170848,0,1,0,0
-0.2873833615491761,0.4682099618934874,-0.39874925827011026,-0.5776019933411646,1,0,0,0
-1.4634420018370031,-0.6438871802801986,1.8645163263136322,-0.12459205567292596,1,0,0,0
-0.5907070139634865,0.662917998726698,1.0035281383291474,-0.5764216382651636,0,1,0,0
0.3156050035903405,-0.9508670794399463,-0.5491291638824368,2.4545369340528,1,0,0,1
1.2058536208882336,-0.49943733581151584,0.7544368818405108,-0.6723233773400314,0,1,0,1
-0.7290838377436085,0.07634544978364106,1.2876094271133278,-1.6537785530306672,0,0,1,0
-0.6541464400677965,-1.1101964401541022,-1.1080221274938478,-1.681581247972154,0,0,1,0
-2.147289029738655,-1.124428142256191,-0.38432484362553865,-0.5917114398022534,1,0,0,0
-0.16266592054490767,1.4719774046085783,1.1905490597559896,2.0013453126831826,0,0,1,0
-1.062414411859563,0.2655349073832437,0.8248579132216707,0.9849914927264543,1,0,0,0
-0.5294394273660737,-0.6164325464011489,0.4662397323952599,1.233144123803351,0,1,0,0
-0.8768607781675882,-1.1994212251844738,0.4105061412199249,-1.3574425506023893,0,0,1,0
-0.09426255425255699,-1.242342453889551,-2.0622640262394416,-0.6362605151089297,1,0,0,0
-1.7577283913566313,0.6960171777517202,0.9504892906625455,0.2810068940134018,1,0,0,0
-1.4670452453909906,-0.04815013224890653,0.04309701683108354,-0.07184662745488257,1,0,0,0
2.129247112028298,-0.23076003326059744,1.2470365645202999,-0.5769382923406033,0,1,0,1
-1.287422581274031,-0.7632389494636977,0.3098193058329081,-1.4210018864823282,0,0,1,0
-1.0967855784546396,0.27618099673407165,0.6314831213974826,0.7723315115318042,1,0,0,0
1.836913528321314,-1.967257589666226,-0.8506405381631855,-0.20985790155779627,1,0,0,1
2.905067169240407,-0.8799145967853729,0.24208611151193174,-0.7377795922742636,0,1,0,1
-1.1715666288253417,0.43767049170240463,-0.22939567472552927,-0.8514124266687486,1,0,0,0
-0.36824895678803055,0.049745571889712174,1.1602200320815348,0.37730768964237443,0,1,0,0
0.34155555094050954,0.8456127124955456,-0.5383888957473796,0.851990664394452,0,0,1,1
1.7286976444055924,-1.920843392346285,-2.2259335761982393,0.6424346666821297,0,0,1,1
-0.9868570784282374,-0.6159884986835821,0.9797305133122349,-0.5080582807695658,0,0,1,0
-0.24527784594210975,-0.33776155235326594,1.4831266706499573,0.14591977391972547,0,1,0,0
0.777337576061744,0.713567570603492,0.5605840016334144,-0.978456587638081,0,0,1,1
0.43476607446661863,0.29730042634645726,-0.9851601196205965,2.568694755914645,1,0,0,1
-0.37615607123009925,1.1967558393999043,0.14707165518619109,-1.4914197407870053,1,0,0,0
-0.13382296451604114,-1.7483300725390751,-0.4607678845906854,-0.08519571459938503,0,1,0,0
-1.3748958083699818,0.9240404115835186,0.03136575064990317,-1.3871447870459461,1,0,0,0
-0.23817374397466523,-2.3320624509144467,0.27649241985634704,0.3972143155834343,0,0,1,0
-0.2663874900089551,1.5575660178343562,-0.2060598297375529,0.6638968350586076,0,1,0,0
0.23216988962625595,-0.5374845623510427,0.13905886656781444,-1.8746959941064842,0,0,1,1
-0.555327218819016,-0.699501603526983,0.35798086164583903,-1.7396661431955323,1,0,0,0
0.471538522545139,-1.5396977426784157,0.6794641395554333,0.2990236885031745,0,1,0,1
1.0127158178198286,0.11435737174632525,0.48356869400544866,0.06955643394654384,0,1,0,1
0.15542932766846604,0.35592689493557234,0.6796084350435068,0.11923746089207365,1,0,0,1
0.35175640839920347,-0.6014193151864122,0.03986499253133615,-0.34520778800427016,0,1,0,1
0.053155347577867364,0.28528738100363815,0.9776154850990808,-1.4521723227089154,0,1,0,1
8.439309141418043e-05,0.7020058046178201,-0.3755302899419231,-0.3253215089768155,0,0,1,1
-0.7215580335428474,1.533985029314176,2.482410094791222,-0.014314205824258625,0,1,0,0
0.316494261673308,-0.33262816040042065,0.06597733746492923,0.2812360357575655,1,0,0,1
-0.09728659841348947,-0.10038926630093271,-1.2204179016008483,-0.040712710322406906,0,1,0,0
2.093168308930595,0.7399504556977556,1.2303142223198122,-1.4357254036909872,0,1,0,1
1.5733549024752425,-1.4769995661499211,-0.9210540995124645,-0.10574503275624582,1,0,0,1
0.3858465525565008,0.678109230680621,-1.5737351874491625,-0.4852416388900831,0,1,0,1
-0.7630572096947675,1.144227362614731,0.46885429935520995,0.18240938985655372,1,0,0,0
-1.112411471983418,0.26357437765768693,0.5160450166327041,-0.8972750293897965,1,0,0,0
1.191142953088865,-0.23493899425080425,-0.5311148504582205,-0.4198496096617266,0,1,0,1
0.2627492251471385,-0.48104279268823563,-0.4293296306946721,1.4405617508702806,1,0,0,1
0.4801434033916108,1.0431137266334845,0.07331998186717098,0.08721567947259973,0,1,0,1
-1.7445859869741926,-0.46524588286168844,2.595678284648499,0.9382694286587049,1,0,0,0
0.9274384815581808,-0.30317078389402335,0.8253614561995088,-0.5891959449959299,0,1,0,1
0.45442033821436295,-0.2829028086307028,-0.13051232783958258,-0.942006813429677,1,0,0,1
-1.110430684414478,0.5514712004616009,-0.3940879366608422,0.45607689682269104,0,0,1,0
-0.47152480744994896,1.2349231054387793,0.19822423350687302,-0.015105235343718151,1,0,0,0
0.2637172043565196,0.21006817348442322,0.37539095252753785,-1.3916418104041632,0,1,0,1
0.05246679835624363,1.4888261574837947,-0.5263696190745141,1.2603337912589037,1,0,0,1
-0.292171185803555,-0.3506850557967255,-0.22114447370050452,-0.022258910403293794,1,0,0,0
-0.10348826806596086,-0.29148419221063854,-0.3150373518131253,-0.7840387606803266,0,1,0,0
-0.25197737820688537,-1.0456481196099578,-0.015325136296842191,-0.7259604490677968,0,0,1,0
0.15256251210246857,-0.5193641896479116,2.156774199565053,0.8103108455919006,0,0,1,1
1.471491972993157,0.5423451076967858,-2.1630825298270104,0.12503348840581346,1,0,0,1
-2.5666584409312976,2.1493868157823894,0.13310901478728315,1.0499857086796267,1,0,0,0
-0.23685026450968424,-1.1542971305095757,0.9810785147323666,1.1094004921828196,0,1,0,0
0.17651242137244696,-0.03642268861304599,0.41754234076001207,-0.9277661282984412,0,1,0,1
0.2959939896870995,1.8147029023310028,0.34907180958783457,1.0357391839495038,1,0,0,1
-0.37191458132128985,-1.0395229076149681,2.0413349783031585,0.6032290260890857,0,0,1,0
-1.7567217824785826,-0.9507093345583386,1.1161796051181654,0.3805150028509028,0,1,0,0
0.32799548371410964,-1.0950771934250556,0.3679187647754241,-0.20125374974778187,0,1,0,1
1.727350214164185,0.8191679622477741,-0.5188688495869657,0.836236114690678,1,0,0,1
-1.5338614049161376,-0.7589855110228495,0.12117342672018426,0.9042862143959983,0,1,0,0
0.8638280136981883,-0.3652330606215627,0.05627222455861631,0.24262187037513983,1,0,0,1
-0.3285252231228939,0.07484572729748165,0.009954579207059534,-0.9772243323410126,0,0,1,0
-0.0613243458288473,0.4922850680764565,1.0333444041709194,-2.6566034045761953,1,0,0,0
-1.052898510703949,2.830737720202391,2.0971488391062127,1.3179016106723591,0,0,1,0
-0.33445617235587666,-0.5820045174185664,1.5434218395478068,-0.31117303165837723,0,0,1,0
1.3000445946989585,0.12298834937075925,0.10150673310503884,-2.3290256072414763,0,1,0,1
0.582655241987707,-0.3882051385627617,1.004702441989558,-0.5035716042293219,1,0,0,1
1.732311605409944,1.2297861602818927,-0.12039722629048415,0.9753006142494328,1,0,0,1
1.1774118889776937,0.5440289550639449,1.7448555402686845,1.234347404183197,0,1,0,1
0.4390866789295762,0.2879277599176559,-0.6155395201140985,-2.323294832219783,0,1,0,1
1.743934526167792,-0.4718664938240141,1.00492204574691,-0.46482164060379333,0,0,1,1
0.43899315873829875,0.616861666470268,1.3191235057934887,-0.2931554133797725,1,0,0,1
0.8279881767970589,0.5615495226630366,2.356448928513791,-0.4015204126377292,0,0,1,1
-0.29657095353470836,0.5676703666117304,2.0392509869626134,1.0878343829855033,1,0,0,0
0.06654581585920483,0.6363510635614045,-0.6909648951205344,1.8400754708713756,1,0,0,1
-0.6974238233002769,-0.6452074566642099,1.194666193092087,-1.0523196661416758,1,0,0,0
0.989583934594853,0.5160756407832926,0.1693116134294031,-1.126626343971155,0,1,0,1
-1.1783036231148656,0.39360657603769095,1.216707829007748,0.8544801353776728,1,0,0,0
0.7823503424176613,-0.31008511407595996,0.3917454755439399,-0.41841750277128154,1,0,0,1
-0.19065105750515945,0.5155700340317868,0.4486439252850937,-0.480291274354773,0,0,1,0
1.1712470934673194,-0.47721258174667486,0.05037527675041075,-0.061713483030979156,0,1,0,1
0.7508689887312598,-0.7681231947343891,-0.2829984768552905,-0.581307821141806,1,0,0,1
1.8206461576468016,-1.0503746790970976,-0.655103651866076,1.4909276145730814,1,0,0,1
0.7307746911386448,-0.3672384987952478,0.5920972554119973,-1.8025958926113181,0,1,0,1
-1.5720402556532407,-0.9513794732645597,-1.4473509936793116,-0.8292287704191477,1,0,0,0
-0.06695317289820084,0.19877922103598336,0.45526422714219617,0.49453617454848575,1,0,0,0
-1.172007192594816,0.6818013558567775,0.6478191191472121,0.28115224592971605,0,1,0,0
-0.5182798423662747,-0.4692723174209839,1.5307371093844375,0.5108623136440122,1,0,0,0
1.5112284332767216,-0.09773513903740232,-0.6963991547951356,-0.00661372723970206,0,1,0,1
0.637533810897696,-0.3730526570712144,-0.8580514965975871,-0.7469067502807202,1,0,0,1
-0.6989304285787463,-0.5952179284679184,0.0441632417810735,-0.07162674158595786,1,0,0,0
-1.013717366440399,-1.9988425133834538,-0.9835711301259181,-1.5552489249587018,1,0,0,0
0.03278209287626079,-1.322399845147429,0.057185475069675945,0.3757589115105416,1,0,0,1
-1.2165601493811278,-1.578244614279965,-0.3017066926446282,-0.42085445318102305,1,0,0,0
-0.6711402773965811,-1.7355850512791202,-0.7460606799886624,0.04536327303997715,1,0,0,0
0.31200947155124387,-1.221493194450968,-1.6269839495098564,-0.7936638692850044,0,0,1,1
1.1553120361066962,-1.1068352321787502,-1.1768205293653307,-0.9753230001178091,0,0,1,1
0.6087614722244398,0.7991324468786373,-0.09095447463183211,0.6450345836801408,1,0,0,1
-2.2912895085981,0.08485890464766882,0.4421591203421171,-0.5571033591272401,0,1,0,0
0.3043667290302598,-1.0271781188980735,1.4284747412801593,-0.25825167813640615,0,1,0,1
0.07203357323257792,-0.23606261763768815,1.1845000826191223,-2.1066572345573182,0,0,1,1
0.41389028537269307,-0.03378532243081583,-0.3206257870857909,1.3341898204851788,1,0,0,1
1.6162096816512073,-0.36744357890588786,-0.24101808335215158,-0.7430787926153064,1,0,0,1
-2.063238276804743,0.224425609715759,-0.5746996486844228,-1.1597914920109835,1,0,0,0
-0.5911034251911056,1.352625666358207,0.15560761614219393,0.5282413620893391,1,0,0,0
0.5909063227933546,-1.0084286926407253,-1.3841889860148457,1.0399433422429667,1,0,0,1
-1.5815943994539423,1.4244573540121823,1.329851510804854,0.07210603067876702,0,0,1,0
1.475949048053509,-1.1602379953872457,0.0052270283422845305,0.13457260850487027,0,0,1,1
0.3683566127006584,0.3225070124541867,-0.17248733437069497,-1.7216299578370096,1,0,0,1
0.846583985843404,-1.5261600834256581,-2.3966870970239746,-1.9331589872854535,0,1,0,1
-0.5709436615217945,-0.10347666887606234,1.7016487421599436,-0.5881101160048758,1,0,0,0
0.8137636899662105,2.0044234383584367,1.0328387028415464,-0.7974933956218987,0,1,0,1
1.0684715559890383,-0.41207861279450414,-0.31369708321513,0.1665739383924625,0,1,0,1
0.23287802013716835,0.09447773890494705,-0.48013413729599275,0.7399366925222526,1,0,0,1
0.23440089269869593,-0.6124061188082334,-0.11363240359469162,-0.36156040854360477,0,0,1,1
0.2703432392817259,0.7700875412595571,2.3074525835240687,-0.1942240874129429,0,0,1,1
-0.8633452647393817,-0.06377146974816875,0.78741390937581,-0.8394262038864889,0,1,0,0
-0.14752868024035293,-0.7050325496687297,1.661015478724733,-1.0661429023575655,0,1,0,0
-0.1525225324523588,-1.1207392388440702,-0.10174912199226291,0.3878457472642647,0,1,0,0
0.3833938643534951,0.4592532264599312,-1.0386146561437042,0.25463955519715925,1,0,0,1
0.9998242469102946,-0.39451564280011936,0.5908709064454836,-0.001077509999863507,1,0,0,1
-1.0585360819784093,0.1400699437139146,-0.6728021872746432,-0.4260130130027047,0,1,0,0
-0.12500903031957764,-0.02100634592814244,-0.6424590639000946,0.3932045157538765,1,0,0,0
1.4814555476589732,-1.1235876207040263,-0.7930295322678027,0.3084838248107417,0,0,1,1
-0.7435882288125641,1.4226345702588317,0.1652884220344696,2.117669612916194,0,1,0,0
-0.8222500172903203,1.734914119324451,1.3408272862353363,0.4379091064563944,0,1,0,0
0.20230619183119358,1.2141151083241735,0.003381995127145445,-0.64433015965165,1,0,0,1
0.8443851904853201,0.8698081761017342,1.143042401154154,0.1334493881075575,0,0,1,1
0.01142605556065933,0.3987426786842643,-0.9133834837055322,-0.28555368799517944,1,0,0,0
1.3289605904369892,-0.3249547012078141,-0.3505187637956873,0.2685083951443677,1,0,0,1
0.8567939825665268,0.11425437299547353,-0.18938441619294497,-0.053363242077692045,1,0,0,1
0.8418200668900618,-0.4954536249846947,-0.8949958824427139,-0.19278596718148197,0,1,0,1
0.5541165013240933,0.5322769783449917,0.5201698624210053,0.6057679854638836,0,0,1,1
2.327653100346085,-0.5144776969013322,-1.3362425023462008,1.4548157718003054,1,0,0,1
-0.2051616888660442,-0.2169078404909746,-1.0000183037495998,0.3514911866439879,0,0,1,0
-2.003522292066514,-1.360370952027747,-1.4762998660640743,-1.9544859488274045,1,0,0,0
1.604254361517141,0.7274838333685637,0.6771141606521734,0.23246663387607652,0,1,0,1
-0.45769943095682564,0.3413917366605433,-1.2397127673017405,-0.8360861812585862,1,0,0,0
0.10788044434303304,2.0395851753610725,-0.7124002772046485,-1.1325639257329927,0,1,0,1
1.309550684860527,-0.7763341501835697,0.4392337806500463,-0.47084638725050165,0,1,0,1
-1.6022595410589253,0.3778694278037163,0.18468628307946483,1.3693632235691486,0,1,0,0
-1.2516472141061394,0.44720138879851196,-0.31394198366692116,-0.3942748086281387,1,0,0,0
-1.6012779371188537,0.742239928384678,1.1767861813958864,-0.18371710355062937,0,0,1,0
-0.7941362900254239,-1.0016747690887855,-0.32527453672077844,0.09534926527633614,0,0,1,0
0.43963660601699356,-0.8436882285865299,0.19808769053915548,-0.7428302262715101,0,1,0,1
0.524187842812771,1.1074287081191765,-0.4093746203983296,1.2364749709152292,0,1,0,1
0.27627417932855375,1.6407794305261865,-2.2291292116115318,-0.6515176857772808,0,0,1,1
-1.4127658838923665,0.7176330583439794,1.8596093975938794,0.9256286909942035,1,0,0,0
-2.310103436632644,0.36238479527296735,1.3721617666640782,0.009114794316513353,0,0,1,0
0.054353585390382264,0.8688536739257441,0.600321601447837,1.024120399077231,1,0,0,1
-0.47177603363833576,0.11176880494610508,-0.8699077749674045,-0.2276764389483935,0,0,1,0
0.45938577171661177,0.42629114698473086,-1.1720441536043993,1.5110136048603962,1,0,0,1
0.7019536262212701,0.0012356395055136682,2.5418192220831415,1.2739030509106901,1,0,0,1
0.13824143205868192,-0.3539315677701519,0.236239462522247,0.08216668695598257,0,1,0,1
0.7601330853758538,-0.8434567891411119,-1.9860649479061943,-1.291650436502816,0,1,0,1
0.22921137411506842,0.6629232154897182,1.2545195251239265,-0.009309902527042748,0,0,1,1
0.5300647056014667,-0.24986400773344267,1.1216869594487766,-1.2263820801505043,0,0,1,1
-0.7046732628698824,-0.6036294318928912,0.4234674020128962,0.1513228418041344,1,0,0,0
-0.17961141383145854,0.4348836579142316,0.4472727909739115,0.22356164024165232,1,0,0,0
0.19677609665695725,-0.628112488572389,-0.9892641988741546,0.37792277343405156,1,0,0,1
0.8205284754174188,0.7577120586862087,-0.1882327728776528,0.36536273082774,0,1,0,1
-0.3937411722245721,1.0120033486141684,-0.5609673550814595,0.4388100988997153,0,1,0,0
0.5211672557321126,-1.5151307256844502,-1.6907282942099475,0.5586894961622408,0,0,1,1
-0.265838791915379,-0.08111709215806044,0.019184477787436944,0.033449761017575116,0,0,1,0
-0.11754216732813036,0.511214509036774,1.349241169744959,-0.5298626445000825,1,0,0,0
0.829519042024073,-0.05500057163074922,0.7604434946110956,0.8692175998464293,0,1,0,1
-1.993060371054156,0.8614271614762874,0.5479176180194214,0.844284206352999,0,1,0,0
-1.296472328074761,-0.19322128104328998,-1.8794383747945114,0.8854848878910765,0,1,0,0
-1.4821853974428207,-1.271198245108735,0.8200478476449854,-0.5429713994504126,1,0,0,0
-2.3336161198483047,-1.8436673164227086,-0.11602398744832768,-1.2841437785284466,1,0,0,0
-0.6782644401551767,-0.6323879144516861,0.413301120084656,0.2992157385086613,0,1,0,0
0.7494338997277404,-0.38027813721026943,-0.27488184926160736,1.2801690978897504,1,0,0,1
-0.28488406638257474,1.3115823869563135,0.17614958964139185,1.3684466896368461,0,0,1,0
0.19779008194185213,-0.11990109521228084,1.6964432050716238,-0.3048573588297428,1,0,0,1
1.0892174967107926,-0.7196421957142167,-0.321359296819766,1.1531122267487894,0,1,0,1
1.3276861322676916,-1.6812937125406153,0.5002549876560667,1.3542529378031125,0,1,0,1
-0.06913793472613955,-0.46375517001810107,-0.07959060578259744,-1.5752854172792912,0,0,1,0
1.3535858895693973,0.23382160860307072,-1.0556384764366005,0.31626685006290095,1,0,0,1
0.09212665843410921,1.7249293308890148,2.0698711733586226,1.0771952207805626,1,0,0,1
-0.8373982238274621,0.709668444468731,-0.45710684108548977,0.14702825530113114,1,0,0,0
-0.5944003521987352,-1.7640255721069744,0.39405466018250296,0.12301591459296365,0,1,0,0
-1.4805365125650163,-0.4851971485330317,0.44599362879672755,0.9726623061029261,1,0,0,0
-0.8881338537336524,-0.33859219899707355,-1.052086374555504,0.0969503576825322,0,0,1,0
-0.35801668807442916,3.470437896339899,2.212555252039133,0.5958871411892463,1,0,0,0
0.8035850193786016,1.2754535353623724,1.1771901758236756,-1.3325745398064477,1,0,0,1
1.7207698311659838,0.1931384126193057,-0.8090803400187896,0.588571109599827,0,1,0,1
-1.38218151537704,0.19611791657730424,-0.7975294543897871,-0.338355040596929,0,0,1,0
0.39282746825991893,-2.709897835811876,-1.5928411788363623,-0.3646045212020853,0,0,1,1
-1.0405439391575344,0.5732005784852158,-1.4662279713507216,-0.022356318356862418,0,1,0,0
0.47469708846320197,0.9689539369121956,-0.7841125015352688,0.6894386162069965,0,1,0,1
-0.1310866506877266,-2.1279169565942753,-1.0977447266977691,-2.046430220948235,0,1,0,0
-1.8309058258475304,-0.4408601338514779,0.8441524594523604,0.2240650380174282,0,1,0,0
0.9282969915684843,2.1570076473893955,2.027324252129764,1.4774680782731167,1,0,0,1
-0.605000712808731,0.3467029769722432,-0.8919920278435103,1.5560930443902266,0,1,0,0
-0.5339002383735546,-0.2784181773054127,-1.3490388141544067,-1.0183652417192162,0,0,1,0
-1.06975241128969,-0.14990597177155698,-1.076879872221035,0.654510952999139,1,0,0,0
-0.6542832766875555,-0.5494488958733115,-0.46533728949232006,-0.0019587085861286525,0,1,0,0
0.4278904406949172,-0.47412559842847635,-1.591070531203976,1.2352293530113898,0,1,0,1
-0.18924434093640552,0.5461741839822265,-1.4983999580555813,0.09257855305020282,0,1,0,0
0.32866200228248105,0.3693425486987708,1.3107103402701903,-1.7040644000737115,1,0,0,1
0.3619218539288437,1.6399557798420388,0.524636522070446,2.383976388972535,0,1,0,1
1.320661655528167,-1.8166985160048643,0.45453339149051575,-0.6865569682130875,0,0,1,1
-0.3427861508643793,-0.5370998203148504,0.022608858022783212,-0.019896504968463697,1,0,0,0
-1.4768578168457318,0.5516166244477241,-2.1128404492333877,1.3877198296953193,1,0,0,0
1.067222416571983,0.36350234933542025,-1.790919784740402,-0.7234146732399535,1,0,0,1
-0.3314881720972547,-0.00788016715891415,1.498250747049198,-1.100839565046781,1,0,0,0
1.114592444577377,-0.6833205362988215,0.1232343074778427,-1.1034769422401034,0,0,1,1
0.3833771131824704,1.0198947174865773,-0.7510610185553577,1.1488724006538247,0,1,0,1
-0.13113753020334493,-0.47228998528143634,-0.8246206627381781,-0.03835028433266719,1,0,0,0
0.3487758940462951,-1.7317080899549107,1.412995639359599,-0.08615744951775269,1,0,0,1
1.9510125601262995,0.7805970459214361,-0.7489953482195474,-0.33917648841089526,0,0,1,1
2.076980529053753,-1.8022800962382224,-1.7019542534214593,0.2839542008226888,1,0,0,1
0.0693811351327787,2.0896845719162727,-0.9876681216438842,-0.38008795633252623,0,1,0,1
0.1601905933170753,-1.2943005256570432,-1.5774690317394011,-0.16153117644205628,1,0,0,1
1.0762401574663856,-0.20046912766040095,0.506295722415517,1.5041940326369327,1,0,0,1
-0.8456610327673472,1.3261815477343362,-0.34617427013440144,-0.49135816773789165,0,1,0,0
0.3330703726182551,0.610698670066404,1.6008241729178403,-1.48460968293495,1,0,0,1
-0.0258628479538564,0.41420267354842755,0.4822206872924481,0.5361451417762797,0,1,0,0
0.3139082114575536,-0.9324708040021806,0.24684326581974952,1.2465538121006492,1,0,0,1
-0.8333688059494058,-0.09527615767493061,0.14479644740641587,1.0100435719501333,0,1,0,0
-1.589567493308969,1.919216560530004,0.26609650860508977,1.1117595592318812,0,0,1,0
-2.0729834359912918,0.5463049854056672,1.0131015212553074,-1.4671937711765721,0,1,0,0
-1.1173841129896078,0.48580735215324616,1.2626734527848091,1.6532770746460512,1,0,0,0
-0.458675284939333,0.6584594619909412,1.1387403097356599,0.5797634398093672,0,1,0,0
-0.2931915866487618,0.11431500059004453,0.23063087714493655,0.9752881672120011,0,0,1,0
1.9372311624295169,-1.1790215964883979,-0.5927154861528587,-0.2370564380115794,1,0,0,1
1.1059933699072981,0.8038710500377743,1.5273569589096934,-0.5565793377654261,1,0,0,1
-0.9620911163416273,-0.14900141768194455,1.9381530075209934,-1.06246336205764,0,0,1,0
0.34770845245095694,-0.6280102524797532,0.24074424999301042,2.233836269732683,1,0,0,1
-0.4070782363503251,1.975469760803351,-0.21279625343818676,1.1912166289051027,0,1,0,0
-0.28436383804009513,0.9589549362072906,0.6836690567120625,-0.11586329399904456,0,0,1,0
0.18532564941538202,1.384693114730112,2.869343389263941,0.5150989053605826,1,0,0,1
0.6191711169753933,-0.9850630112959669,-0.8200538219924812,-1.3712136314616328,0,1,0,1
-0.33925848388401536,-1.1957960850034304,-1.8964011479110021,0.7686206619271165,0,1,0,0
1.0638515327343585,-1.1001555014433797,-0.5850386457717859,1.7196991630464629,1,0,0,1
-1.141938226142404,-0.6271362732220057,-0.09534983539100837,-1.3834284189863995,0,0,1,0
0.006339062362268442,-0.55221577390069,1.1306181669257378,-0.08118130630612098,1,0,0,0
2.5976737265958323,-0.2835728854493721,-0.7710883508801158,0.48818036002703885,1,0,0,1
0.2230797426252751,-0.7574664314052646,-0.05435359083582736,0.6681308051240572,0,0,1,1
1.4332145066061728,1.3961136258086193,-1.974214158838991,-0.9378180101009068,1,0,0,1
0.09152017817320818,0.8185013466524229,0.2658578086162613,-0.3135749305616595,0,0,1,1
0.5807770953297967,-0.8539830627340029,-0.07392164746323844,-0.7507593080097454,1,0,0,1
-0.056783194392691534,-0.6694743716220195,0.30365331137126506,-0.7431671511817869,0,1,0,1
-0.17040758116420443,-0.5027399121712843,-0.4703222423175804,0.7894516192467809,1,0,0,0
-0.7794823967254196,0.3388429304908742,2.930623493207915,0.5062981511806635,0,1,0,0
0.4303013589575532,0.028829025995331842,1.4289664121876462,1.2333975529854766,0,0,1,1
-0.8515371891857679,0.15837157539506277,1.1304986599107294,0.15134885945856716,0,0,1,0
0.6655852363134291,-0.891663192077669,-1.3279844961014269,-0.4906796663980536,0,0,1,1
1.08528700444591,0.554293086242184,0.46926520711031594,-0.07873557356743542,0,1,0,1
0.36653140723722993,-0.37242167188948033,0.16164337528495767,-0.986412050122909,0,0,1,1
-0.28624873355569186,1.9444554890249879,0.9756632710060393,1.243462379018995,0,1,0,0
0.4539655793086961,-0.4522422728861908,-0.6357664682804058,1.6619786273142452,0,0,1,1
-0.3086730555464126,-0.2217871419080301,-0.08925899284762902,-0.13457411127280605,0,1,0,0
0.9355471254651493,0.6973584173052334,-0.2992730146904993,-0.1637946772142528,0,0,1,1
-1.8314060842151236,-0.3457503531391682,-1.237461182003912,-1.2403075411740776,1,0,0,0
-0.3356073681186462,-0.07708183846546768,0.2732052906220229,1.2420708173581525,0,1,0,0
-1.9908119951239978,-0.8342200436331354,-2.098615897180539,0.6976482073137277,0,1,0,0
-1.495060830227205,2.397426745608523,1.3946069060372204,0.7013433888599967,1,0,0,0
1.3638622298139094,0.35880384170130003,-0.9035637639753639,-0.5887101990144985,1,0,0,1
0.895184981971686,0.34050741411329405,-1.4368277923947017,0.10348627020573056,0,0,1,1
-0.7194802332847904,-0.37841131519311744,-1.5969958725153763,-1.143150736238317,0,1,0,0
-1.502503456040897,1.456254582556671,-0.03301847402604691,-0.7938129091699619,1,0,0,0
-2.964528837841651,-0.05732898203107741,-0.7019305428553999,0.3161717901567141,1,0,0,0
-0.5434955079326346,1.449368221194576,-0.13063060192459802,-0.11673821958165537,1,0,0,0
2.4204150122474024,-0.5364935059548689,0.7817256503332177,-1.3831356852641499,0,1,0,1
0.4348842714636474,-2.532422174648307,-0.4248795790994602,-0.6953135951163487,0,0,1,1
-0.5595722860494895,-1.344328744548227,-1.6992164182232816,-0.8360505825243912,0,0,1,0
0.46508020950030626,-0.14208209511383904,-0.2329084925234748,1.1361704386847409,0,1,0,1
-1.5609583529944429,-0.6057180565765163,-1.216668084481841,-0.5308392686840705,0,1,0,0
-0.29732336269763543,0.6642220380952347,-0.37055982089786865,-0.5918788263957752,1,0,0,0
0.09947747301573849,1.0398653138075087,1.3925754017267864,-0.6590156362895879,0,0,1,1
-0.08610065182104851,-0.13345517078657612,-0.8838303951520788,-0.2763680479194887,1,0,0,1
0.7908061216900806,0.18569981342027225,-0.26244155194690993,0.7336540335920206,1,0,0,1
0.34464522623605237,1.8084285031535818,-0.20781399823718197,-0.6023287698955225,0,0,1,1
0.668326018107997,-0.04103457747973766,1.482244986617071,2.1144324894300746,0,0,1,1
-0.6883722822307594,-1.4487519289021262,1.1095322351817762,0.561032031526543,1,0,0,0
0.8978154084105481,-1.7988068245904347,0.7411156835837984,0.2604013339501735,0,1,0,1
1.6289369476239914,0.5146987616288781,-2.0252282656694898,-0.21007307412628232,0,1,0,1
-0.9701495196514126,0.7247345232539715,-0.7593178836132292,-0.7010584345366885,1,0,0,0
-0.8876956557145598,-1.8368886292033564,-1.5224176593161063,-0.0885540651682519,1,0,0,0
1.3357843363202329,-1.4591020989516323,0.24525955281332504,0.8012083865637757,1,0,0,1
-0.19134398669506028,0.14670892645578615,-1.991872274897124,0.8832602343188579,0,1,0,0
1.403821392066557,-1.0600038571218475,-1.0954826347448725,-0.8641117688241796,0,1,0,1
-0.4425357118921839,-0.9642998247246348,0.6074370727976893,-0.4245110805988001,0,1,0,0
1.4550455762707113,-1.5888524113790181,-1.3710953461029518,0.3647956670770184,1,0,0,1
0.13148581680545218,-0.4131079774753023,-0.7303513028019273,-0.8403479380770101,0,0,1,1
0.2582288233226952,-0.25398034922222135,-0.9734760537211906,0.2842888549698102,0,1,0,1
1.5647180216699044,-0.5074842944304012,-1.3869337687618424,-0.9955540443850149,0,0,1,1
-0.36177047744417123,0.9123383280631946,-0.9675849220664051,1.7629267441228234,1,0,0,0
-0.9411220959249583,-1.087886575778558,0.8304443493513651,-1.2037676763262433,0,1,0,0
-0.44856420802835434,-2.2432626547552585,-0.3282678678866281,0.03462388182434309,0,0,1,0
0.4523339506431387,0.32139314640057404,-0.8807087086715099,-1.5685455943468416,1,0,0,1
-1.5657590721805144,0.9209898809013077,-0.4999580290539432,-0.24102227701801343,1,0,0,0
0.6374709026511215,0.4696022625212672,1.3127869533301713,0.05692404117706929,1,0,0,1
-0.5387713176177432,-1.7832268329217915,0.885734202068116,-0.7977071596782482,1,0,0,0
1.1478126607335635,-0.8491498988428915,-0.038130859530055336,-0.8008447984887203,0,1,0,1
-2.3942603049004716,1.262916612607884,1.700630394234655,0.8417819472379683,1,0,0,0
-0.7865657751041687,0.5748073097089265,-0.7529884798281897,-1.7285260500408874,1,0,0,0
-1.686468151234102,1.5903680052545577,0.33830237380326084,-0.5257480037955268,0,1,0,0
-0.8262294663639526,-0.257748005167717,0.26132291924308365,-0.43693926812244127,1,0,0,0
0.24766590110894313,-1.5208266209231933,-1.553382607073469,0.3012335616378034,1,0,0,1
-0.1792266254497549,-0.6912601300155908,0.33209159686810275,0.4461319656860294,0,1,0,0
-0.25337756894801494,0.8707314020534391,-0.3816719742752054,-0.3749390291973629,1,0,0,0
-0.1591848713800608,-0.9810776054351028,-0.5384933739620407,-0.9549139843413063,1,0,0,0
0.20338824061994343,-0.023916048411552076,-0.29863335532513563,-1.038844698937325,1,0,0,1
-1.0085360419431078,-0.6387231721189819,1.0225404241039389,-0.2036625623687973,1,0,0,0
0.7068496408990508,0.20941597178644222,-1.4885722774485923,-1.6864315370747314,0,1,0,1
0.6626659703854839,2.0982443836966587,-0.7069759847451957,-0.3386273039200112,1,0,0,1
0.385037937656101,1.6619252437689283,1.4528196486651646,-0.9477469098055108,1,0,0,1
0.5565334427512632,0.1369239854308058,0.7918610813928811,0.7656693723382989,0,0,1,1
0.2964180008086595,-0.3145997144249939,0.4836866584742348,-0.718657106791627,0,0,1,1
2.0350733027310675,-0.8185514539148147,0.5860627095803947,-0.6893583566653484,1,0,0,1
-0.0870941710525099,-0.07128725674565496,1.2952673332867053,-0.5120571179763116,1,0,0,0
-0.30708321833457675,-0.2793388553772217,0.27063613655927365,-0.2347577402923296,0,1,0,0
-0.7535275803573779,0.5182761707595914,0.1759836392244489,-0.6534735215960188,0,0,1,0
-1.0322626705778368,-0.6266211213999817,-0.8644292058719084,-1.4518291018958671,0,0,1,0
-1.2444717876010754,1.3071733720543892,-0.6392066598432871,-0.1768976733274807,1,0,0,0
-0.8887973132309185,-0.01592908845972993,0.6083494504948007,-1.6348622208234642,1,0,0,0
-0.07068038165207131,-0.11509741545757947,-1.0656109765608428,-1.3459104237463926,0,1,0,0
0.3342951284977145,0.5745339395811818,1.359428487002684,-0.5196464319823547,0,0,1,1
0.051142058552161786,2.1396787455386823,0.881658178660693,0.578369171608953,0,0,1,0
-0.765535277429713,0.5509266436589423,2.4906861519494456,0.8722364983592297,1,0,0,0
0.9001845640199633,1.0650404420391848,-0.23633706828350645,-0.6989362767625446,0,1,0,1
0.7394126723009475,-0.5455906784882772,-1.018358809541406,-0.3918825803260036,1,0,0,1
-0.159648307422017,0.3573908519283934,-0.03647053327811532,-1.1268015515448386,0,1,0,0
-0.652916144664712,1.6259068547006028,-0.2017859560787317,0.8548916461755248,0,0,1,0
0.5484279208297995,0.14829707597335748,-0.1787735336176301,-0.401667381531786,0,1,0,1
0.18797358748610446,1.872007134820365,1.8050153356370993,2.1873451004046465,1,0,0,1
-1.4481272594150476,-0.020017914463886222,-0.3849630609251,0.5087377317626709,0,1,0,0
-0.0679802559844049,0.8282451182265964,0.8436726946059461,0.6648108917902517,0,1,0,0
0.26203581207438104,0.6805330197453361,-0.5604455227864815,-0.3556319236208138,0,0,1,1
-0.8996947864877538,1.683934297710191,0.15976438516978902,0.3820098361343885,1,0,0,0
0.189843392837443,0.7574652268665707,1.2850967102141742,1.5123337843558395,0,0,1,1
-1.4548224852577891,0.12942106836801934,0.8874050824621158,-0.2570959392049627,1,0,0,0
1.3361861000121709,-2.1119794176937146,-0.031039877213192422,-1.6304318308089274,1,0,0,1
1.2479499850594318,0.5517454481386745,-0.03430203148679318,2.1507284715413597,1,0,0,1
-0.25251733430296475,-0.6721941398292364,0.6171115881328627,0.10762698950999161,1,0,0,0
0.36345433783907316,1.1772633333155664,-1.9024037243481136,1.2070558107208822,1,0,0,1
-2.409921965799875,-0.0245909178686567,0.4767348175854631,1.295858465351681,0,1,0,0
-1.1563476602653329,2.0607021437094803,0.1450887820496475,1.4346794217410963,1,0,0,0
-0.2937789201521298,-0.8363855030837614,-0.3565229637897221,-0.9508607161483231,1,0,0,0
-1.0721330214268592,-0.7996595443013932,-0.616055133874099,-0.12084746469395316,1,0,0,0
0.7143964826306588,1.8940338407204025,0.6400170058736165,0.7840589988666655,1,0,0,1
1.997296530747994,1.0602323692791524,0.2930597343433219,1.1010335435020857,0,0,1,1
-1.176614719429302,-1.0196145259085192,-0.8103516976920377,0.2926197594981925,0,0,1,0
-0.8374634040851927,1.7539203420078515,1.1173575408667704,0.4425027899345307,1,0,0,0
0.23544836830993032,-0.9598670688965921,1.4742738055319569,0.5963707262423454,0,0,1,1
1.6111161484996208,-0.6350336856018467,-2.0006396377504814,-0.956185316960265,0,1,0,1
-1.2223743125399031,-0.8395148601282199,-0.9366084028939392,-0.2071236156375361,0,0,1,0
0.24903612230694197,2.0360147733064773,-0.5797836677493189,-1.1206145631228246,1,0,0,1
1.8212988508131087,-0.03980943611965284,-0.25640244854079647,-0.843068758325547,1,0,0,1
-1.6517591481792673,0.20777832768335075,-0.019590357784010224,1.8834768365231687,0,1,0,0
-1.281069206845832,-0.06131130240213402,-1.1569875735163213,0.1913793243940604,0,0,1,0
-0.42360660646083825,-0.10575403958296682,-0.05075775403684442,-0.03709407738747646,0,1,0,0
-0.520588412855411,1.4745000995443795,0.1379683342274704,-0.43058822920316897,0,1,0,0
0.8126012877536446,-0.3029058181538193,0.7596510598422537,-0.2343113354028653,1,0,0,1
0.24165971982083806,-0.34248970523247363,-1.383590718948274,-0.5290084137012324,0,1,0,1
-1.7749620596421283,-0.29407012393052584,0.04828950048584276,0.773542032728588,0,0,1,0
0.5154104029008109,0.8158322881798032,-0.7552491373966504,0.47146728868733495,1,0,0,1
-0.5775388873556505,0.7501569513982946,1.172162147050915,0.08999727116456135,0,1,0,0
1.274447216941239,-0.9759072579185101,-0.06929593167807077,-2.492315502156898,0,1,0,1
-0.6275875364369197,0.6738756644708607,1.474273140805926,0.6719008488146276,0,1,0,0
-0.6366152831022357,0.2925251788467896,0.6222324347784911,-0.05297195525067023,0,1,0,0
0.5411316108045314,0.9351854008200067,1.0058203068514422,-0.8440582199775806,0,0,1,1
0.7629264823369366,-1.639502986962654,-0.4849831663447754,0.581557347340254,0,0,1,1
0.4480993639362036,-0.9572834851458882,-0.25518478357807794,0.5998683502076886,0,1,0,1
-1.6855973173848082,1.339050105195366,-0.6053913518287665,-0.7524583178638427,1,0,0,0
0.5380344399282511,0.5066256943745661,-1.1727030530052018,-3.277965869479806,1,0,0,1
-1.034308051674399,1.333969708469575,-0.34938981391005985,0.8910746863200795,1,0,0,0
0.2352761115882635,0.601654372269656,0.40748174213710087,1.0314216321122707,1,0,0,1
-1.4237344353990602,0.49500334572438975,-0.9614108731459935,-0.6696309256908503,1,0,0,0
0.44632214754306365,0.7489444461337862,-0.34556087981257233,-0.5579066475999241,0,1,0,1
-0.8065989043073726,-0.8818314075289498,-0.6166526135568848,0.30902624575229,1,0,0,0
-1.2826346502605217,0.2606665810735132,1.2998013454694455,0.5816833251530732,1,0,0,0
0.7138201364823995,-0.6503674917802615,-1.0976972857069616,0.13683573786325143,0,0,1,1
0.2416445216767513,-0.7997503464180379,-1.9318765388933439,-0.20088446188228976,1,0,0,1
-0.6139768013928971,0.516898195119963,-0.4126163227372812,1.5800950312070872,0,1,0,0
1.4511788490210642,-0.735998214630864,0.4535033288461631,0.023933174543538136,0,0,1,1
-0.44065242156974244,0.43115649063585126,0.8890682759381643,1.6895904205035348,0,1,0,0
0.03210767397093466,-3.0083200513083828,-0.9440333158715433,-2.317819806909335,1,0,0,1
0.2689134476786009,-0.30132147072762294,-1.339298664892801,0.5951468750802642,1,0,0,1
-0.6196659341286136,-0.8857004691176013,1.022438006711702,-1.3094855187646128,0,1,0,0
0.47113629339992935,0.8188494518116527,1.8892362571544168,-0.5078282053595764,0,1,0,1
-0.5334523471647244,1.1398320693678485,2.564528540018331,0.8920682336490963,1,0,0,0
-0.4116383222162092,0.7910405545376775,0.2055834759081421,0.7070049762402292,0,1,0,0
1.362642639803341,0.2225510818796861,-1.5029959693338293,-0.5512974614012697,0,1,0,1
-1.040586052512433,0.3748673073816323,-0.3773971988572146,0.006461441564020588,1,0,0,0
-2.41278033092949,-0.33955164709838903,0.2758286417651186,-0.22658683543358477,0,1,0,0
1.6109369950118944,0.48983973493997657,0.3261743016534328,0.859482094603379,1,0,0,1
2.549327952607003,-0.4309163309061374,1.3138494422007199,0.4761686431157583,1,0,0,1
-0.40526926544933184,-1.2987759798711347,-0.403348093209751,-0.3039037331878022,0,0,1,0
-1.9368380406201853,-1.5795060928863,0.31569709840936033,-0.3932208019429208,1,0,0,0
-0.31048397619594376,-0.9962453085161924,-0.20862883532508278,-0.8880087599045261,0,1,0,0
-0.2862229498406692,-0.013498141138920835,-0.7580847683321297,0.687188981259203,0,1,0,0
-0.18992384102225704,0.4649665274334672,0.6522681317095299,1.3402241717028311,1,0,0,0
-1.1133880419218483,-2.9219367444410094,-0.47286985202132387,-0.4742862007651349,0,0,1,0
0.5795611424764774,0.9067627028112987,-2.049443110216876,0.4103001523740326,1,0,0,1
0.5245073752860862,-0.5846379725622523,-0.9388978882877906,-2.2288038294721773,1,0,0,1
-1.4944056198193065,-0.4364168463374017,0.8161796019283314,1.0998857448038206,0,0,1,0
0.6991967316948878,1.0964590943721146,0.5398370669402667,-0.3155548625939764,0,1,0,1
2.052684981945891,-1.533203658216823,-0.22896728179406753,0.12118505658861725,0,1,0,1
0.17196033243705985,0.8480116353035493,0.3672150731682917,-0.5765559211889819,1,0,0,1
-0.33732516206850605,-1.3563877611753459,-1.1972032452599002,0.13903057043183722,1,0,0,0
-0.1420032144075213,2.909666954059095,2.4698774529171166,0.23482779818696178,0,1,0,0
0.6152567669685612,1.4737387698979965,0.14909451368747517,-0.8005053620238047,1,0,0,1
-1.7306716055072182,-1.078540100055509,-0.7725958466498689,-0.7416703877912248,1,0,0,0
0.16439070297730224,1.2587516269927275,-0.6376827196268035,-0.3503419826019965,0,0,1,1
-0.3904639494628101,0.5653139596469693,-1.1747383478242137,-0.2563761910988828,1,0,0,0
1.8478250129560454,0.5839182240889561,0.42918554760107674,1.384018707234313,1,0,0,1
-0.17417273380495787,0.9752922635406474,3.436556827519279,0.7446116276502771,1,0,0,0
1.6678876111195198,-0.22825214544407135,-0.502188918832691,-0.3582425895476945,0,1,0,1
-1.1037406977820072,-1.352782610169958,-0.5200881287764739,-2.1253736239056247,0,1,0,0
0.5872591668027922,-0.1872821245619889,0.24734748655510627,-0.6839725247295849,0,0,1,1
0.3194002637912288,0.5951925823665308,0.4501609274916824,2.233566901020213,1,0,0,1
-0.8690472478647824,-0.6369263275061763,-1.742564017881018,-1.7836411495023141,1,0,0,0
0.17739611463694044,-0.3901019284514095,0.26911425843846787,0.2302260448602929,0,1,0,1
1.2125188368316004,-0.65411857094854,0.003873548086230133,0.40611361500953147,1,0,0,1
-0.3237917042866007,1.7648587790078636,-0.36843658929119755,-1.140157395141786,0,1,0,0
-1.6919626491697632,-0.08156456568174449,-0.8445616616283166,1.1100195836052618,0,0,1,0
-0.01756282647744591,-0.5036228376797723,0.8218246660794811,-0.8495833678057049,0,1,0,0
-0.9024230947925126,0.018290739207602297,-1.2279561069314644,0.7781976865028769,0,1,0,0
-0.3423409386638824,0.24322493731854047,-1.9447365804421721,-1.134271239876469,0,0,1,0
-0.08158776968512098,-0.3141497532953603,-1.2941344301127824,1.729284722175741,1,0,0,0
-1.7056522160155172,2.2259328382186077,0.4377278676306993,-1.0928813700471882,0,0,1,0
-1.615658339320678,0.3523679457580201,-0.8045513598755556,-1.2271843722626055,0,1,0,0
0.48206683552552526,-1.6001604745208322,-1.1480827549981667,1.338893636911583,0,1,0,1
-0.5227186961696804,-1.260098566625155,1.1944866877856775,0.6094382718686541,0,0,1,0
-2.564744341820567,-0.18419111727118276,-0.8234027101222311,-1.1654303052436044,0,1,0,0
0.7848440366081351,-1.91959777368046,-1.234836869104278,-1.6816587232090177,0,1,0,1
0.27236975527423984,-0.49493173711550414,-0.49851877180673443,0.7502613279531867,1,0,0,1
-0.713874824036484,0.7075478931677394,-0.3758559068522488,0.9613944978893444,0,1,0,0
-1.3168302110582415,2.4931629850569883,1.6236473140320926,0.07363566906621578,0,1,0,0
0.8358078963143372,-0.3990189062561152,0.26971055339059763,-0.6943995127655349,1,0,0,1
0.3493506225604296,-1.0009777028305287,0.021606664153966778,0.952243931775797,0,1,0,1
2.3826022826840734,0.5015687590335899,0.4382996853826584,0.7835644397102148,0,1,0,1
0.42018859872493736,-0.12984428340166784,0.256549607883212,-1.298667902389597,1,0,0,1
0.3877031412620148,-0.6441007231376465,-1.104381082141232,-0.48859891565890967,1,0,0,1
-0.16692793010856513,0.01292063273323199,0.6197973691040459,-0.43621509088600957,0,1,0,0
0.816775867200791,-1.5103638792360585,-0.46035220831868073,-0.6109126832565929,1,0,0,1
0.6250852012481537,0.06349272315122957,0.3456279251282008,0.5996856883737415,1,0,0,1
1.251725008565195,0.3176962649933096,-0.9868114461823271,-0.3254605884322951,0,1,0,1
-0.5213229186372847,-1.654748001029486,-1.261176741310078,-0.0015040226034795476,1,0,0,0
-0.4354074729439623,0.2877396385604026,0.8298995691187359,0.734055390203985,1,0,0,0
-0.4791031709119801,0.4310899450215159,1.230243238842304,0.6715424014851239,0,1,0,0
0.7908017211789892,1.3195781989442792,0.22837277916009632,-0.17107283579351404,1,0,0,1
1.498374440296732,-0.011583920329480198,-1.761675604056309,1.3649430445083524,0,0,1,1
-0.45884049314930064,0.3854679035118732,0.10188115418824575,0.1071088831848779,0,0,1,0
-0.42477372779309125,-0.9146698406400249,-1.3020952331386144,1.3247598998144443,0,1,0,0
0.3140772238697992,-1.7342077424577567,-0.14454940989936793,0.11823661958934167,0,0,1,1
-0.24576150001290142,-1.152480634514077,-1.0152064638606237,0.5882246032726887,0,0,1,0
0.95205365313989,-0.9131992643738636,1.556963970355446,-0.6254557250938586,1,0,0,1
-2.2517772906190467,-1.525695700477427,-0.016075198616407743,-0.6060505975288482,0,1,0,0
-0.8267050469168946,-0.5005907938571631,0.3455711234558284,-0.31523414106759967,1,0,0,0
-0.7824163339614458,-1.16624109202729,0.5602814971114055,-0.9092078821007774,0,1,0,0
-2.320356012386145,0.7989677630065903,-1.1704774758264962,0.055739694106124935,0,1,0,0
-0.9636384443688041,-0.11833291624544191,0.1478026802804361,1.3335011769389946,1,0,0,0
-0.9151561158459262,-0.277354735288257,-1.0155706018785928,-2.449690116050994,1,0,0,0
-0.20110465451883033,0.8803049902243992,-1.040743271283435,1.5058344440806264,0,0,1,0
1.1129658916602636,1.2645655137499672,0.7391169939772495,0.07853176312222128,1,0,0,1
-0.24506065119070236,-0.6864792376071328,-0.6906754661461495,-0.7801244005204919,1,0,0,0
-1.0308137202711538,-1.4626961321842262,-0.1290891970562051,0.037624091496454314,1,0,0,0
-0.056954541213528984,1.4430298373216985,-0.03716734694936811,0.2602384705260598,0,1,0,0
1.0491736214413494,-0.894118648759713,-1.701847604074509,-0.7158122149746872,0,0,1,1
-0.9759588161149049,-0.6234413394240905,-0.03389496883940456,-0.8772754962423698,0,0,1,0
-0.9105748839214486,0.8065782186942957,1.2309677555091578,-0.3485805889473764,0,1,0,0
0.5585489592742234,0.2720939770000373,-0.7610511783448694,0.10876805754398416,1,0,0,1
-0.22153611573080054,-0.1969289196304539,-0.502207219804457,0.2018633590553596,1,0,0,0
0.6474846907094743,-0.012063486414315162,0.042198007888204284,-0.8763100811803504,0,1,0,1
-0.013646791795296761,-0.41876339438653065,-0.05199889014449919,-0.8990863379134534,0,0,1,0
0.701663648089567,-0.39553063027219226,1.1697598093705788,0.5037756636417936,0,1,0,1
-1.0350781140406409,-0.4722026957615187,-1.7349304701739987,-0.38693350185806136,0,1,0,0
-0.01208465078826744,0.8668198969770405,-2.3346199428195846,-2.573998918236076,0,1,0,1
-0.21069001436315682,-0.13506373398756802,0.13928169164092488,0.4620785857535416,0,1,0,0
-1.2158909241041307,-0.33753954971615036,-0.7412396772181291,0.3157388903650237,0,1,0,0
-1.5634779478686884,-1.0161961232904344,-1.4637493062348637,-1.161246730138207,0,1,0,0
0.6857490352746618,0.5230839985941694,0.4052214080578355,0.9345855177585642,0,1,0,1
-0.3509523822179781,2.3666869325732875,-0.06899767532866095,-1.051168745160675,0,1,0,0
-1.0222802816473295,-0.32991963080395337,1.3564221459210026,-0.48653483301004913,0,0,1,0
-0.09617893692333225,0.44039363384712327,-0.513098094660325,0.17838708325713476,0,1,0,0
1.1280188573493026,-0.21359318611524616,-0.17868153857925315,-0.9943724752226765,1,0,0,1
-2.280737845371923,-0.07173732895869687,1.3254591166518144,0.5416658516656929,1,0,0,0
-1.4966386899033264,1.3147150215764245,-0.11268648087083204,1.2334438760711242,0,1,0,0
-0.9228864418952676,-0.09988933138274664,-0.9757032964952597,-0.925975764318717,0,1,0,0
1.461178866720329,1.332539755965544,0.592650227998073,1.684379178832073,0,1,0,1
0.2825869829192965,-1.1492405780280743,-0.30832366852985676,0.17237200704010996,0,1,0,1
0.7673172404612268,1.4359132390289684,1.2674199593836801,0.36673476636359725,1,0,0,1
-1.1401609191262305,-1.1879158566427657,0.7519873136229215,-0.9783380080428871,0,1,0,0
-1.1195358752705262,-0.5006372549674808,1.2173942360751946,0.7654351120964475,0,1,0,0
0.4478137167227104,1.0344371913146448,1.4597251274045542,0.42017656813756765,0,1,0,1
0.05827433093544655,1.5795571458836277,0.4932112049712058,0.34673006395008493,0,1,0,1
0.5487388188641266,1.6376613638674884,0.6456643677778942,0.38452884383462715,1,0,0,1
-0.18767099092845213,1.1354289109456714,0.22370367437213187,-0.5019374647147795,0,1,0,0
0.278143726454627,0.5224478699895858,-0.6460041610241365,0.7510838165657349,0,0,1,1
0.15811908490510918,0.4682307216160255,-0.1861870626746299,0.4205787968065248,0,0,1,1
0.7777673890849254,-0.6673030772652768,-0.36563789294127885,-1.0592462307187038,0,1,0,1
0.8070082819444706,-0.7066618176931818,-0.028976664680396468,0.861708110422232,1,0,0,1
-1.6198719943917699,-1.6564736753908371,-0.5087867483506554,0.08107767506064778,0,1,0,0
-2.2472685553408556,-0.09376456033965613,-2.604183216362648,0.2217458396947183,0,1,0,0
1.0017453976515072,-2.1882078088317196,-0.4221139635104492,-0.3141267583666196,1,0,0,1
1.1877250932619365,0.8274539025625576,1.3146061459133838,1.637262245446625,0,0,1,1
-1.0206230195133374,1.0743344706889135,0.4396790616217937,0.36031008683627874,1,0,0,0
-1.8598354065456286,2.0950759798508396,0.7249906498818177,0.15720038157693567,1,0,0,0
0.09903482100720092,0.38056450953306936,0.3614751799964986,1.4616457287378064,1,0,0,1
0.9308382263505294,0.1685075412899497,-1.337536801583196,0.05048490318315712,1,0,0,1
1.7975945224343146,0.1922278115367289,-0.29939357313879594,-1.756056974854935,0,0,1,1
0.516297572101451,0.7710966402864875,0.3240534908408235,0.6523507416998374,0,1,0,1
-0.37171669658569495,-0.9476334777274495,-0.2363960725855149,0.1898241550743786,1,0,0,0
-0.8931306215848627,1.0578493810532361,0.30255605240603567,1.4059995494142261,0,1,0,0
0.011451291670654416,-1.8113608165153905,-0.2437887901339821,-0.300371973516413,1,0,0,1
-0.2992647038852564,-0.4102282071530876,-0.5506312829187368,-1.0191171648844415,1,0,0,0
-1.0150679057288161,-0.19785344398851712,-0.27757250231687564,1.8023229236225882,1,0,0,0
2.0487556508632867,-0.5671087914522946,0.5613604770249709,0.6972735298864898,0,1,0,1
1.785168402072131,-0.5839707411279091,-1.0661580617159296,0.9727653355187864,1,0,0,1
1.1360486835554284,-0.29836380247762284,1.4831766198939837,-1.9946146198444752,0,0,1,1
-0.9208503978091276,1.0036283488234212,0.3366220513439644,-0.6987046218575319,1,0,0,0
0.8550193242972788,-0.05259586518261005,0.4728448454455565,0.24835160839800707,0,1,0,1
0.6396264094979018,2.0113179673182056,1.6744238890933447,0.24256171666578258,0,0,1,1
0.44254562420405297,1.1494564377893943,2.071988202970444,1.1026674386768973,1,0,0,1
1.2496652670437771,-1.5980203166311808,-1.473778287973223,-0.5015628811130378,1,0,0,1
0.6353711428612774,-0.1542102081519986,-0.7912803314759098,-1.7279669859446891,0,0,1,1
0.7400142363043355,0.6316918037487085,0.3978010687077165,1.7553767747347582,0,1,0,1
0.6369062833722101,0.9051457058677607,0.7386640583525984,0.46399669968080864,0,1,0,1
0.3407914080021059,-0.08778101401828574,0.2005058285662261,0.9012077472786113,1,0,0,1
-1.7836111297141835,-0.468286933592551,-0.6812348604436231,-0.12186328139884953,1,0,0,0
0.08362107741055723,0.7033700381335634,0.004754448700618863,0.19644007792167492,0,1,0,1
-0.5561919588491252,-0.695714678605906,-2.3589997441025172,-1.1707164587591794,0,0,1,0
-1.2798409576400205,-1.7559219153947045,-2.6131430753140545,-1.9605014894510708,1,0,0,0
1.681816619300824,-0.8051137731111712,0.3192822202083047,-0.9569700081106083,0,0,1,1
1.7289953408857035,0.21858032143969805,-0.00020804773086969823,0.8189660372988158,0,1,0,1
1.359220600295612,0.535931597784841,-1.0973693527946438,0.2781640279023084,1,0,0,1
0.2552134168558746,0.9395639163884512,0.11967486286037038,-0.7278093480517704,1,0,0,1
1.3506251209526567,-0.7573636236817953,0.6015653395392506,-1.4302066816562002,1,0,0,1
0.012053180601825543,0.5515755718441936,-0.9379658280565984,0.047184498154239814,0,1,0,0
0.20279727689777938,-0.14710582317534873,-0.5875072088498409,0.15277886878408048,0,1,0,1
-1.093471370461983,0.47419753991176844,0.6186318467160629,0.2881556278411616,0,1,0,0
0.39699130449884,-0.2665903471949145,1.3613718448196257,-1.0237101841165317,1,0,0,1
0.0603859284244171,-0.21865038470586004,0.22968554428464694,-0.12622247157341546,0,1,0,1
-1.3026521168344645,-1.5223154969254893,0.9435078351543734,-0.4212770483984307,0,1,0,0
-0.051197111816596905,1.4702597359441743,-0.8616303803485326,0.10490638538392807,0,1,0,1
-0.07972956385680847,-0.7039923420871791,0.47916475259015906,-1.3780583222370753,0,1,0,0
1.79756116664464,0.21853770082973836,-0.48455932153272924,-0.2599223528559988,1,0,0,1
0.8942133285134095,0.9334240873609556,0.431909881766561,0.51405711174419,0,1,0,1
0.011445439091466015,-0.8161075765813699,0.07157373928642395,-0.9475880841821588,1,0,0,1
0.248787309801083,1.4640806213603117,2.4315954134472024,1.6455012947610101,1,0,0,1
0.044212378104198057,0.6556520503010406,0.6121948799555391,0.8216795211288047,1,0,0,0
-0.20291398479554773,0.8653848020746628,1.7460137289114754,2.0186121436759543,0,1,0,0
-1.0824271973882869,-0.3098750461249663,0.4679683506932107,-1.1534594750473182,0,1,0,0
-0.15105187760692926,0.2845033950938534,-0.04379409247107285,0.33960283534226954,1,0,0,0
-0.7460982566525134,-0.904489849039729,1.6853343221154788,-0.2579135253394396,0,0,1,0
-1.2503155389231464,-0.0453307804652352,0.6262081204049638,0.6157348036132357,0,0,1,0
0.5112218145475347,-1.1318467082509052,0.10186658204657709,-0.2513230479833377,1,0,0,1
0.39126465993323495,0.42723818694812965,-0.07150149417239082,0.21419111171285732,0,1,0,1
-1.786707511368078,-1.3368384596204361,-0.8332912062095765,-1.6794020312378917,1,0,0,0
-0.12268463749512722,-0.6566978752228694,-0.09348419259091516,-0.12311215283722464,0,0,1,0
0.9957013858999235,0.2742227586629223,1.7734849644765078,1.1273246788223814,1,0,0,1
1.0592237388963208,0.41480923658923435,2.0650722322073194,1.0586092619338998,1,0,0,1
1.0258368428852387,-1.0589022340500178,-0.44891593955259596,0.31141177611331794,0,1,0,1
0.0389132069014598,-0.18324485803649593,1.5335332770596453,-0.8169784259684703,1,0,0,1
-0.8450453279691511,-0.7932924878078096,-0.5339250772673118,0.5095479864739385,0,1,0,0
-1.0836988273580606,-1.6296921831994926,0.6956233353436146,-1.2215921458962797,0,1,0,0
0.3446049047503575,-0.12443957248091378,-1.7218770992303176,0.3919426321771598,1,0,0,1
0.379280034365163,-1.4494274020335483,2.15440845019469,-0.6223037584420723,0,1,0,1
1.2873311116050654,-0.8959913757445721,0.5418490887355619,0.08893165636549101,0,0,1,1
1.0999796503420836,0.6449365578650009,-0.46243466215659706,-0.31680372157476433,0,0,1,1
-0.1322286565311721,-0.08747911082425767,-0.8731409452148481,0.6806686823293406,0,1,0,0
-1.2442058788608694,-0.6357633873530009,-0.23706523498808768,1.1091950250176852,1,0,0,0
-0.31910659701089783,-1.6445152693505403,-2.299026482028162,-1.8243591460210449,1,0,0,0
0.21723119481052466,0.22005674230410527,-1.8352969786278273,0.5391137177835589,0,0,1,1
-0.2020832453894041,0.8475063111129689,0.3333071948981046,2.108572412681384,0,1,0,0
-0.5778941080776558,0.3110827697944421,0.5437285911103439,-1.0744139120462588,0,1,0,0
0.2528848149698989,0.23749677363443053,0.4853587995454111,0.6120644829269773,0,0,1,1
-0.5039577414106104,-1.28106567681836,-2.5857097946715557,-0.07832680915592949,1,0,0,0
-0.628066083725374,0.7640076955639181,-0.21137542366668574,-0.6837475636003191,0,1,0,0
0.31145283430343956,0.9393582292072999,0.13384054732320746,-0.3991136330801221,1,0,0,1
-0.4019925801292048,-0.7870978254749046,0.9690197258435782,0.9212629650453878,1,0,0,0
0.24410438897835213,0.04565495454727894,-1.9719198895346,0.4831041757190818,0,1,0,1
0.2732040228521227,-0.8260120864344533,-0.5497703900497058,-1.620014343431433,1,0,0,1
-1.1394290010915746,1.2082444143764295,0.5063807030653048,0.21827754444612749,0,0,1,0
-0.4812411238654122,-1.0299181938004467,1.3040566454791436,-0.48280861356455956,1,0,0,0
1.4377769399164624,2.450770045034753,-0.1209350511864337,0.5007087672927094,0,0,1,1
-1.1620795127342871,0.10707095981511587,-0.2505134067482545,-2.6487660624560525,0,1,0,0
-2.116654448970531,-0.8611104179507083,0.4483638111390426,-1.506303187262959,0,1,0,0
-1.8618451532425115,-1.7044121343886016,-0.6184950731734116,0.07775436484143605,0,0,1,0
0.029109946576669203,-0.5799426293754493,1.0160209112902094,-1.6877272421426852,0,1,0,0
0.03091727803269891,-1.1417449338562073,-0.6068197554506712,-0.5835527086596689,1,0,0,1
-0.11761085542512094,0.3491785695940988,-1.7023851902380127,-0.4694108346152624,1,0,0,0
1.2141898289285016,-0.06204885512916816,-1.5488314247507096,-0.18098848349606023,1,0,0,1
-2.672834433102938,-0.35466059981253173,-0.1513660616059842,-0.038145137471133815,0,0,1,0
0.3959338744308236,0.6222509562141695,1.53537439138079,0.32699029424373843,0,1,0,1
1.5614382018035733,-0.19546760551685,-1.0609309346512554,0.7615688618119628,1,0,0,1
-1.127780764891714,-0.8545296524373922,-1.2836115462454745,0.0816267691966316,1,0,0,0
-0.3798065117898951,0.5593007832381643,-0.7350058661157044,-1.0430471805041375,0,1,0,0
-0.7528919172286209,-0.31640276470117734,0.25958388059202026,-1.2462721923057234,0,1,0,0
-0.8943460460775288,-0.7989101168430052,-1.1747367891021034,-1.4039779298525983,1,0,0,0
-0.32626200502304,6.211380910742285e-05,0.09622747285565811,-1.2150083015632198,0,0,1,0
1.4274852836845047,1.7377676584814619,0.9550516157027188,0.16369276156834275,0,1,0,1
1.8373866754875203,0.08233808702796733,-0.21416678384682025,-0.5993041316283743,0,0,1,1
-0.3359392250401477,0.5207232513067503,-0.20674073863422324,-0.19083005183999216,1,0,0,0
1.9050602140644701,0.26883831624879073,0.5854000017683262,0.6364219674391622,0,1,0,1
0.035576476984624864,2.2284293754337368,1.0926926187020627,-0.071602051362158,1,0,0,1
1.753691026701081,-1.3877318418100653,1.1367525779542305,-0.5374689087584993,1,0,0,1
-0.09329864965349177,-0.059766326829835036,-0.8425640998139082,1.132198019073976,0,1,0,0
0.1310578260461443,-0.5486979969950316,-1.2875075718858335,-0.8423464460915624,0,1,0,1
0.36547447264283456,0.6678710436672062,0.44182914949002805,1.6277122660280465,1,0,0,1
3.1788536793675353,-0.46030583001114966,-0.1393273637337743,-1.1691799819795252,0,0,1,1
0.8512855748447891,0.05497424114667751,-0.2907635912345631,-0.48560203760636567,1,0,0,1
-0.7072645299514636,1.3544631335208255,0.006245636040282569,-0.8147572268224547,0,1,0,0
0.9689978702758579,-0.3014382000151541,-0.4429246205991011,-1.4053508548693248,0,0,1,1
-0.3618325370843415,1.2623339122241772,0.8791127663916896,-0.6194079468074722,0,1,0,0
-0.48975018290120914,0.9795593824450961,0.6702076552677568,1.8425979551469769,0,0,1,0
0.9086013598921112,0.5689614413974197,-0.32685938365978795,0.19143946755680255,0,1,0,1
0.031085587771152785,0.6472939912940474,0.06917325749200781,0.9770323209644384,0,0,1,1
0.2785759145118061,1.8667923414979615,0.4611150483290252,0.24623893454628545,0,1,0,1
0.013985221865292462,-2.0146362630047747,-1.164371304116807,-0.2569893032959414,0,1,0,0
0.3365831266054347,0.19483385850663357,-1.1382710923807802,-0.0620077211069401,1,0,0,1
0.4249658974361492,-0.5891083585398572,-0.7395323597551533,-0.28003687164777646,0,1,0,1
-1.9369669327054153,0.6636333946756529,1.4919342985955084,-0.9087853376434404,1,0,0,0
0.6665726686095336,-1.103902091871769,0.008661686735915297,0.713945539381704,0,0,1,1
-0.9820194198303006,-0.38333840888718895,-1.7686846323253365,0.8301321894857886,1,0,0,0
-1.4422991355594112,1.5263345431741546,-0.8954093721172591,-0.5045488730815764,1,0,0,0
-0.05841124385868244,0.11529733642976314,0.8627588041948976,1.1197975025400453,0,0,1,0
0.08398100331445427,1.3576211384600476,-0.08693386035022505,-0.14966118946059653,1,0,0,1
-0.6935061645722808,-1.5053367007973968,-1.3762278296292465,-0.8093678726160544,1,0,0,0
0.8310318576679744,-2.119963527517478,-1.2239062831624994,-1.7647246770877874,0,1,0,1
-1.342175166370907,1.9196235355409894,-0.024002204946844248,1.7419294674419834,1,0,0,0
-0.40694374877255896,-0.586778227414211,-1.3053125843175408,-3.062936046318204,1,0,0,0
-0.5848741349330007,-1.251277960141906,0.04394891821788575,1.0635940011954692,0,1,0,0
-0.04658727033933937,-1.0313066821710648,-1.4861197450565917,-0.4912460042226496,1,0,0,0
0.2788642846472388,-0.8638590707250531,0.25502747835654316,-0.713255997423366,1,0,0,1
-1.0078929496235447,0.9459323644337321,1.1736912171189335,-1.1698447538389454,1,0,0,0
0.7242826774562282,-0.5597218779382969,-0.49759018340931654,-1.3847281581645097,1,0,0,1
0.06300236833469973,-0.2769189374578331,0.20293880237768877,0.6181761690592106,1,0,0,1
-1.8919462533119105,0.556849791677694,-0.038574069634244305,1.2922070939245858,1,0,0,0
-1.958591440397031,-2.057675167800311,-1.072496495802361,-1.0139185089576839,0,1,0,0
-0.012319292929311235,-0.3073272983922806,-1.5025296795839997,-0.7046235727401976,0,1,0,0
-0.2209673177863541,-0.9062677796830652,-0.35400413665237723,-1.179733391320085,1,0,0,0
-0.1034201135746335,-0.07537649609795934,1.0297118339833207,-0.6029677414678635,1,0,0,0
-0.02798245653021798,-1.8959451713616482,-0.5715146619763362,-0.27130306856273373,0,0,1,1
0.22555983951018072,0.9968809776869758,0.042923668310961643,2.1487173242160895,0,1,0,1
0.9476496098482997,-0.6366076750089197,1.1549894952656654,0.8084142803841056,0,1,0,1
-1.1111049009175582,0.026449820391046888,-1.2228749986693006,-1.7200520081860438,0,1,0,0
-1.1719715929007948,0.15217831835657866,-1.0331318222050276,0.77509898886464,1,0,0,0
-1.0933238578873825,-0.1276814367183336,-1.265256965519152,-0.35566821542812055,0,0,1,0
0.2889166671687069,1.1611512201717986,-0.7898346322877084,-1.0843700793783178,0,0,1,1
1.2449473786464456,0.6304270151262447,0.6113959636174766,0.6168447480773843,0,0,1,1
-0.4313394382395105,-0.045061170431341786,-0.11822612260388755,-0.6614708241101219,1,0,0,0
-2.5016998441596545,0.12231744739630397,1.1123680631472608,-0.8886611789891381,1,0,0,0
-1.7039928626103755,0.8517873925017458,1.7987720521185688,-0.3950716881639358,1,0,0,0
-0.8330367227960116,0.0809151479073649,-0.8735023229146607,-0.20727614203397007,1,0,0,0
-0.5577288874952148,2.7614659147779714,1.4603641826988214,-0.26120118779429435,1,0,0,0
-0.4083886272547264,0.21371146576562172,0.5798841384007343,1.3525437170718422,0,1,0,0
0.038581122980917065,0.3556648340259762,0.14103244273213172,-0.6599778040908821,1,0,0,1
-0.3117463308224471,-0.8603717886963063,0.5735574770233939,0.006510782432554004,0,0,1,0
1.0493396105434072,0.12926341169385858,0.427972105598782,-1.1060093209126616,1,0,0,1
-0.6760173056813688,-1.2696236476449965,-2.9104568493280523,-1.20261181311435,1,0,0,0
-0.862317959475543,-0.907180531011624,1.7674864662150527,-0.6848631821713502,0,0,1,0
0.4788755385204616,-1.3869758793569669,-0.12149798243028834,-1.1204691860945843,0,1,0,1
-1.5356420699261193,-0.7827443937618671,1.2328104554333026,-0.11058360793304298,1,0,0,0
0.3896917053200022,-0.5066830996505434,0.8689148192784368,-0.2587906518781544,0,1,0,1
0.10255318372626686,0.3641344297681624,0.2880457765357981,0.9487849904436052,1,0,0,1
-0.1474424899181674,0.01825681422808546,-0.2036883258729688,0.5513951442826508,1,0,0,0
1.5882761071492624,0.678066220111988,-0.35144677340122155,0.24363108645390727,0,1,0,1
-0.6222074452947179,-0.4704685315199827,0.3349589229880686,0.4369205902203249,1,0,0,0
2.0602981705240784,0.9128981904782965,-0.060963010967621356,0.911940174169959,0,1,0,1
-0.2254314492280993,-0.27728594362555237,-0.5055269829616899,-0.1502712098673465,1,0,0,0
-1.2770164449702281,0.1897269540918195,-1.3998880218169012,-0.21705860389286877,0,1,0,0
0.0699195809948253,0.23568851471670377,-0.8917888479802326,0.8626336018624368,0,0,1,1
-1.0762452003187681,-0.251606986660232,-0.7005973248267878,-0.3437812306703251,1,0,0,0
-0.7517558478135002,2.5805235251153547,-0.9799135381601392,-0.09276710294485609,1,0,0,0
0.39703330001549114,-0.06982847283419287,0.37406390377124454,0.46386590480257456,0,1,0,1
0.5555820886501248,-0.15808748233448203,-0.39768028480407774,1.5559109479612787,0,0,1,1
-0.6221677002542582,-0.22942275717037688,1.604517923986604,-0.4035193128786412,0,1,0,0
0.9874051450464006,3.2116690695573586,-0.2548339527937777,0.5443428015691365,0,1,0,1
1.157507758021134,0.9077561269708833,0.9760061663410844,-1.1322943842202964,0,1,0,1
1.436301756563291,0.2906193891852947,-0.2222124223817583,1.4213458861373678,1,0,0,1
0.5294134071257222,0.9850141846367383,0.2674615741993904,0.04236109300228899,0,1,0,1
1.3634287120856987,0.010151794972526712,0.5421171893450681,-0.08619538301425685,1,0,0,1
-1.8807984279740577,-0.43599811559023494,1.2701579702331993,1.7723676367592434,0,1,0,0
-0.31790654862846257,0.5247078858999297,-0.287542251520536,0.6730125010185676,1,0,0,0
-0.8670052563234263,0.4509961033400769,-0.7892581408766364,-0.871535131968362,1,0,0,0
0.11922586112739209,0.0456938509628913,-1.2525459859471921,-0.6882172935401892,0,1,0,1
-0.5714492191967373,-1.494081879625972,0.2560267483971971,-0.29985551188919474,0,1,0,0
-0.16615784194973238,0.5092061433399887,-1.0307232274316949,-0.33996891738499085,0,1,0,0
1.8821748802040494,0.9754928671798411,1.04497470490803,-0.10157997078594352,0,1,0,1
-0.1697197964203783,0.3225565791192941,1.1043065362367148,-1.281014189168174,0,0,1,0
0.4137923171902139,2.2525742651418543,1.3697142436151843,0.17404877276839623,0,0,1,1
-0.2322693299242352,-1.4871832636764675,-0.357504317799927,-1.8952015083840488,0,0,1,0
0.07571328795683367,-0.3890573138569135,-0.9756932567787012,1.2774003915339196,0,1,0,1
0.006016680436071459,0.05206650933693176,-0.5168725912107726,1.4421275028927896,0,1,0,1
0.4483240659731595,-0.6184084056885804,0.503394907247155,-1.3650595725328087,0,1,0,1
1.165307535547177,1.7465864895859238,1.4948023980349798,0.15977253111367154,0,1,0,1
1.6473939976033294,-0.5127175396090456,0.5093167692631053,0.10567638743024188,1,0,0,1
0.30962008190916684,0.8685572991362424,-0.3986141459977961,-0.01773276939576743,0,1,0,1
0.5895468860356021,1.909504055905767,2.26127481057666,1.209170898589979,1,0,0,1
-1.150864509185567,0.2629201651261931,-0.28527307045659184,0.22496200169737798,1,0,0,0
-0.08787674241562057,0.028975460375441665,0.631120086405668,-0.03530235033775723,0,0,1,0
0.940289464883589,-0.8306079654656606,-0.29884418074905295,-1.2247691140665629,1,0,0,1
0.8659686384171532,-0.3445607189990769,-1.0024420820298376,0.9712630729961448,0,1,0,1
0.21160973279505021,-0.7015491719779652,-1.4108820627793954,0.14746231511362484,0,1,0,1
0.8863939595679524,-0.042878334871589,0.4454736830639695,0.02925005261819105,1,0,0,1
0.49076670899381886,-0.41172561122850987,-0.8155761118210684,-0.5233690356806215,0,0,1,1
1.2003062582593216,2.3340262297617262,0.5978923278990319,-0.6258965753482804,1,0,0,1
0.2893591569571111,1.1666051568237221,0.08892340145186871,-0.8910942678847404,0,0,1,1
-0.35569831557103465,-0.29332721775820547,-0.5077614990430225,0.2235530520438507,0,0,1,0
0.33584125693302364,-0.7921140180228567,0.8298555954125336,0.6153439165256638,1,0,0,1
-2.9305943758527757,1.411453129033845,-0.802855538227072,-0.42840002374596253,1,0,0,0
0.38288573638504947,-0.1273858011524972,1.4518332651654589,-1.5006931010183617,1,0,0,1
-3.6484128252147836,-2.463627153214247,-2.123280938986716,-1.0274047028197641,1,0,0,0
-1.723463407405418,-1.3924838460217663,0.5598284833448645,-0.378752507484677,1,0,0,0
0.45176860094098414,-1.1292474855583687,0.8637097112980467,0.9794825169459705,0,0,1,1
0.47752933726679525,0.48693770368272965,0.927532231286718,0.9406057995094457,1,0,0,1
-1.1624287801399305,0.25180750112429173,0.23775878690225352,-1.2986886194825293,0,0,1,0
-0.7121020418789388,-0.4443512750183154,0.3962113592204864,2.474124153064352,1,0,0,0
1.370540988614132,1.9617407782444152,-0.12530388063325254,0.40263306594038367,0,0,1,1
-0.48403013157267616,-0.20240822316927662,-0.5776015418077676,0.13436366892887736,1,0,0,0
2.242920312402985,-0.18389009335299022,1.4536811990398824,0.833699779428195,0,1,0,1
-0.001919853176346149,0.05327198307314643,1.0295634903262416,1.5377401433508906,0,1,0,0
0.4080361768812668,-0.001849390558022043,0.49682427925260886,-1.1498657234864682,1,0,0,1
1.6168743984986076,0.5702446034888266,-0.6739934550116516,1.105250096392051,0,0,1,1
0.13102711619341956,-0.8031991322545153,-0.3867881339991556,-1.3426140261315462,1,0,0,1
-1.0023439806908012,0.47879626013605925,1.0275039744170815,0.5043301267134044,0,1,0,0
-0.10972745169429012,-0.5364315347553074,1.780750619702178,0.24324760514276167,0,1,0,0
-0.03561073619009093,2.056608998965343,2.037316039744344,0.7011317105704011,0,1,0,1
-1.3647416522015654,2.3998697780239735,1.3033155493024537,-0.4272381759266681,1,0,0,0
-0.25583207134082336,0.9038916993157501,-0.002778805639227418,0.4033158434280418,1,0,0,0
-0.7421920939974367,-0.6213336406165344,0.5945756136468701,-1.3310164996364429,1,0,0,0
0.9243577571874341,-0.05927253408525427,0.14063851995083623,3.2350130459120594,1,0,0,1
0.03461187418525562,-0.377195129813317,1.9204480455252788,0.6041805109583154,1,0,0,1
-0.28279574914757005,-1.2714355791217908,-2.28236910650394,0.7818120457033072,0,0,1,0
-0.10618193062257626,0.7237489295722288,2.4059125392251586,-0.4235992736077643,0,1,0,0
0.22312201840616613,0.3777883547141066,0.547199752270253,-0.27663192394690184,0,1,0,1
0.6168141996897798,-0.5008196137180846,-0.3588579607772268,0.049813626803349775,1,0,0,1
-0.9997122286693814,0.7616897344427401,0.3268717716950326,1.1690914239329866,1,0,0,0
-1.0415876326212719,-1.6451719301331227,-0.5873972688767362,0.41197803509978165,0,1,0,0
1.10467921540253,0.20837310203999332,1.843299790950546,0.8876079764622525,1,0,0,1
-0.4123368722047306,0.28679530670439995,-1.1394881778207826,-0.695112681749749,1,0,0,0
-1.416842092596874,0.6053066916495136,-0.8408930178732523,-0.5769698532486011,0,1,0,0
0.44381270938310463,0.7602851677683814,-0.9045407073162217,-0.818399045190205,0,1,0,1
0.4633698060326869,-0.6905431199697679,0.4197281753030608,0.034764376897430976,0,0,1,1
-1.5307152572567064,-0.5172016322578434,-1.2441653690700516,0.3205935481169998,1,0,0,0
0.2294817154636063,-0.9339738858895347,0.3727191478145552,-2.119174662505289,0,1,0,1
0.7355830924283736,1.76831599196711,-0.3832813243672157,-1.3028645495399696,1,0,0,1
0.37438645170626306,0.06417822343945034,0.2936097351849562,-0.22213342897820984,1,0,0,1
0.6319814837613953,2.0862391990786944,1.4897364506661617,0.5285711046674741,0,1,0,1
-1.404269098090749,1.385993780098672,0.47570700067652166,-0.5727463634801693,1,0,0,0
0.3310401549961956,-1.2479387642470603,-1.0763561880448926,-0.42240921979086016,0,1,0,1
-0.30261975947044656,-0.5628896882477553,1.035418757318516,0.01824057375301474,0,1,0,0
-0.4827901587246448,-0.04218108077264131,1.48219090254071,0.7004070452025175,1,0,0,0
0.8705556094197265,1.2395383462078624,0.8437893308863199,1.1213141953439505,0,0,1,1
1.47927451067423,-0.9456213476113785,-0.8472889937295764,-1.6926775904021611,0,1,0,1
1.794370054600359,0.3299610355742858,-0.3248745883878766,-0.6459565279314361,0,0,1,1
1.314807871505905,-0.7162751980644708,-0.6433088903740696,-0.22916297356029233,0,1,0,1
-0.10973418163018368,-0.34431956781071804,1.4035626456308392,-0.32652439387881793,0,0,1,0
0.35272016302634307,0.7461870717544488,0.9751366704686151,-0.44658764752765717,1,0,0,1
0.7668228717842437,-0.6104560997936848,-0.3466415272131357,-1.4952597447301885,0,1,0,1
0.12117794929946196,0.20228695204779973,1.1513548311554234,0.765655403455041,0,0,1,1
0.13076418791154437,0.32763930032848304,-0.35127582229027243,-1.2098824935413166,1,0,0,1
0.823753131876182,-0.747425506842497,1.036347080173103,0.2146561606474065,1,0,0,1
