F1,F2,F3,F4_B,F4_C,F5_low,Y
0.30471707975443135,0.4792471672621087,-0.38365677280966626,1.0,0.0,0.0,0.8961063594148743
-1.0399841062404955,-0.04086756835114284,0.709185305650384,0.0,1.0,0.0,-3.5923572798572048
0.7504511958064572,-0.20368420513293187,0.19885766809898048,0.0,0.0,1.0,5.891355225516426
0.9405647163912139,-0.31847595619025926,-0.7619943562934658,0.0,1.0,0.0,1.5961811730605222
-1.9510351886538364,-0.8338330684157986,-0.3855804549563921,1.0,0.0,0.0,-5.406205800508887
-1.302179506862318,0.1422591161447867,1.848817159385717,0.0,1.0,1.0,-5.0318671259501535
0.12784040316728537,1.3828809289194155,-0.5754542908646217,0.0,0.0,0.0,3.0619523324338145
-0.3162425923435822,1.4465996377643546,0.23848271122021056,0.0,1.0,1.0,0.3815117161680589
-0.016801157504288795,0.11994866968525546,-0.20407561820548514,0.0,0.0,0.0,-1.0679282907745824
-0.85304392757358,-0.09505801285529732,0.6381832410523005,0.0,1.0,1.0,-1.7902392925738975
0.8793979748628286,-0.4609927182241989,-0.08703983462212996,1.0,0.0,1.0,3.0247375065033184
0.7777919354289483,-0.694924450860633,0.03409591974633419,1.0,0.0,0.0,1.558438663324737
0.06603069756121605,1.9150908939206948,1.4838817386387073,0.0,0.0,1.0,1.3353384185259083
1.1272412069680329,1.7364082081440255,1.779074888925723,1.0,0.0,1.0,3.965681707560714
0.4675093422520456,-0.6148100137247999,0.6222804569674759,0.0,0.0,1.0,1.7260760975850653
-0.8592924628832382,-1.077464794834458,-0.8375381221378819,1.0,0.0,0.0,-2.6407569555132078
0.36875078408249884,0.1163788123712209,0.6904291822668123,0.0,1.0,0.0,1.7528340911469733
-0.9588826008289989,0.4264447099030312,0.4247969024932509,0.0,0.0,1.0,-2.5325663102483076
0.8784503013072725,-0.46506653786952556,-1.1250304945895835,0.0,0.0,0.0,2.723990903459344
-0.049925910986252896,-1.0503149394236024,-0.24880283095069453,0.0,0.0,1.0,-1.1113016069401038
-0.18486236354526056,0.19361423628486268,1.3459413088501408,0.0,0.0,0.0,1.986062270507957
-0.6809295444039414,-0.6235023612331885,-0.502902024901215,0.0,0.0,1.0,-3.6184185482346445
1.2225413386740303,1.1229179562205627,0.10629168501807404,0.0,0.0,0.0,4.3090783443417084
-0.15452948206880215,0.11247421419032064,0.7544806411309909,1.0,0.0,0.0,-0.9439495596585559
-0.4283278221631072,0.5116139041432554,1.0292853779269484,0.0,0.0,1.0,1.354337437684628
-0.3521335504882296,1.1218639160956816,0.8804067107427951,0.0,1.0,1.0,-2.4116244573004497
0.5323091855533487,-1.5349593477128327,1.3581576559332649,0.0,1.0,1.0,0.49403266401954804
0.36544406436407834,0.23957181983315554,1.98128294328124,0.0,1.0,1.0,-0.35839490180050304
0.4127326115959884,-0.364059403474524,0.12244577083598249,1.0,0.0,0.0,1.7233954112138807
0.43082100300788273,-0.3585190719836054,0.16768879564180192,0.0,0.0,0.0,-0.7671129803293146
2.1416476008704612,-0.7363227958692048,0.9841325805573545,0.0,1.0,0.0,5.707150060474734
-0.4064150163846156,-0.3018202042795617,1.0378578081596563,0.0,0.0,1.0,-4.447793783435274
-0.5122427290715373,0.5551508538075345,0.48385990772971893,1.0,0.0,0.0,-1.176096156022476
-0.8137727282478777,0.5950481760308973,1.1334395025866444,1.0,0.0,1.0,-3.191640472878027
0.6159794225754956,-1.119333261196233,-1.2108623275034276,0.0,1.0,0.0,-0.38414684817129263
1.1289722927208916,0.8181506131010822,-0.5006819631201285,1.0,0.0,0.0,5.015330982623762
-0.11394745765487507,1.127171439130568,-0.7574481445845618,0.0,1.0,0.0,-2.3033427205420343
-0.840156476962528,0.6018173279199692,0.8701541964150399,0.0,1.0,0.0,-1.3250538958452611
-0.8244812156912396,-2.7253739956182343,0.5985291208985106,1.0,0.0,0.0,-3.5250048830554253
0.6505927878247011,-0.3762150092260566,1.3220550386559031,0.0,1.0,1.0,4.354135430317243
0.7432541712034423,-0.10704021786275497,-0.2859988468942803,0.0,0.0,0.0,3.354088321999546
0.543154268305195,-0.3853990827639757,-0.3121385112960509,0.0,1.0,0.0,0.11739099860454294
-0.6655097072886943,0.1525692775171832,-0.33057703635641306,0.0,0.0,1.0,-3.372152950181542
0.23216132306671977,2.040413029100827,0.21397105843603959,0.0,1.0,0.0,1.6047717770366243
0.11668580914072822,-0.3629648812832522,-0.6903608430708386,1.0,0.0,1.0,-0.04350976864306555
0.21868859672901295,0.47555023836282456,0.48561423162271267,0.0,1.0,0.0,0.4020520296549905
0.8714287779481898,-0.7475996192380046,-0.5341901238502835,0.0,0.0,0.0,4.522644626502716
0.22359554877468227,-0.19655629668290714,1.2544130959315378,1.0,0.0,0.0,-0.45224666373088795
0.6789135630718949,-1.5657637187567304,-0.9805963927261506,0.0,1.0,1.0,2.1736813474788663
0.06757906948889146,-1.5197460617138114,-0.050239176000081154,0.0,0.0,1.0,1.6346788989451333
0.28911939868998415,-1.2744211696563288,-0.5478092243495082,0.0,0.0,0.0,2.081034428648353
0.6312882258385404,-0.7898381528500231,-0.17496747044018315,0.0,0.0,1.0,1.6544456762346125
-1.4571558198556664,0.4701485067270078,1.299255327096355,0.0,0.0,1.0,-4.804826280845987
-0.31967121635730134,1.5631835466093795,0.6230007921839177,1.0,0.0,1.0,-3.5672368428533012
-0.4703726542927955,-1.548048708621489,-0.5538868050479263,1.0,0.0,1.0,-2.9954854518761804
-0.6388778482433419,-1.038454105690742,-1.3599035714744294,0.0,0.0,1.0,-1.4390947048679255
-0.27514225122668373,1.0712172789244638,0.7867281507858651,0.0,0.0,1.0,-1.0322500370934056
1.4949413112343959,-0.12899061645788934,-0.03552990689146502,0.0,0.0,1.0,4.597214551552527
-0.8658311156932432,-0.7002719566356338,-1.1277328881545716,0.0,1.0,0.0,-1.0386129326286386
0.9682783545914808,0.3010604443832162,-0.8686989739754789,0.0,1.0,0.0,1.1238504001810308
-1.6828697716158048,-0.364896439500944,-0.3612183533193447,0.0,0.0,1.0,-5.40287976819639
-0.33488502998577485,0.7440373718185876,0.46500030745380283,0.0,0.0,1.0,-0.721588644840498
0.1627530651050056,0.3083131638362872,-0.01133869595808415,0.0,0.0,1.0,-0.5679807110467572
0.5862223313592781,-1.3698595251372787,-1.4863424059334034,0.0,1.0,0.0,3.90588266496896
0.711226579792855,1.4375040510417407,-1.0442333902303171,0.0,1.0,0.0,3.496559941798286
0.7933472351999252,0.8765693519979083,0.5652966784185055,0.0,1.0,1.0,2.815241696232909
-0.3487250722484376,-0.2644771306641175,1.3703813412034043,0.0,0.0,0.0,1.645172452247567
-0.46235179266456716,-0.6292768117367384,0.8952309832717964,1.0,0.0,1.0,-3.6353982974089147
0.8579758812571538,-0.07177215144007353,-0.0277235813556277,0.0,0.0,1.0,2.5623382221129387
-0.1913043248816149,0.06934409211222244,0.07383587760607713,0.0,1.0,0.0,-0.024407521243753116
-1.2756863233379219,-0.013436620588166932,-2.7580370456269447,1.0,0.0,0.0,-5.198891540204649
-1.1332872140034806,1.935041965905522,1.2923535714294232,0.0,0.0,1.0,-2.9487898292838493
-0.9194522860016113,-0.41998403642914944,0.39655853068564323,0.0,1.0,0.0,-4.418230598686651
0.49716074405376404,-0.1540921450986465,-0.608738040484926,1.0,0.0,0.0,2.527318209572672
0.14242573607056525,-1.43105111089272,-0.21210747144591385,1.0,0.0,1.0,2.0140293604050554
0.6904853540677682,-0.7179080678941361,0.42112373263329483,0.0,0.0,1.0,2.479956163895797
-0.42725264633653426,0.11236419956612181,-0.5519914770946377,0.0,0.0,1.0,-4.060954661607021
0.15853969107671423,-0.6280375275354225,-0.4971583158887754,0.0,1.0,0.0,-0.9745712085189091
0.6255903939673367,-0.8724913039752996,0.8703308659997206,0.0,0.0,1.0,2.7238361867217513
-0.3093465397202384,2.814669546631266,1.1372430150509885,0.0,0.0,0.0,-0.8962416538921665
0.45677523755741145,1.1719546715890314,0.7421388769735343,0.0,1.0,0.0,-2.6706782138664975
-0.6619259410666513,1.0970175480813948,-0.686474210186137,0.0,0.0,0.0,-0.12153224739759305
-0.3630538465650718,1.3035406030059344,0.2849789928533679,1.0,0.0,0.0,-0.8841767803144669
-0.3817378939983291,-3.0471635538623807,-0.9153137315764968,0.0,1.0,0.0,-2.373825677995055
-1.1958396455890397,0.5470617686342372,0.11686421798285879,1.0,0.0,0.0,-2.0950855404171227
0.4869724807855818,2.0553830591906506,-0.20234729304925286,1.0,0.0,0.0,0.4446074229963972
-0.46940234020272387,0.6845690133090538,-0.49610537561011353,0.0,0.0,1.0,-2.4408851970144934
0.01249411872768743,1.0151032328663163,-0.8782858615984583,1.0,0.0,1.0,0.5750113327041165
0.48074665890590895,0.5263944726775569,0.7022524234259363,1.0,0.0,0.0,4.113797665581169
0.4465311760299441,-0.5422273582359474,-0.04826787521102157,1.0,0.0,0.0,3.7749742950491614
0.6653851089727862,0.5589733575104224,1.5702511513021686,0.0,0.0,1.0,2.5357225752745185
-0.09848548450942361,0.27074750370245276,1.0195550865390264,0.0,0.0,1.0,0.3981220347472088
-0.42329831204415375,0.8228590010002759,-0.8057046504009419,0.0,1.0,1.0,-0.0826465380052237
-0.07971821090639905,0.038774634585282026,0.47107884416549767,0.0,1.0,0.0,-2.124630145773221
-1.6873344339580298,-0.4107789238437458,-0.5775980537902752,0.0,1.0,0.0,-4.095780796146116
-1.4471124724230873,-1.8310110332917182,-0.6389082125939803,0.0,0.0,0.0,-5.442447619484554
-1.3226996123544024,-0.23685688490688003,0.6506992126222051,0.0,1.0,0.0,-3.4903817368683363
-0.9972468276014818,-2.71891248213383,-0.39923581977971284,0.0,0.0,1.0,-3.332941924215451
0.3997742267234366,1.5381895361360085,0.4419007746781667,1.0,0.0,1.0,1.9511351708416313
-0.9054790553600608,-0.571092286424111,-1.8232673123637033,0.0,0.0,1.0,-2.539281968570492
-0.3781625540393897,1.3539030766614708,0.7786304232034059,0.0,1.0,0.0,-5.744033068350119
1.2992282977860654,-0.2782188958665593,-0.39937631303413723,0.0,0.0,0.0,4.1660224609159675
-0.35626397106142593,0.9233706303698334,0.12563168750539505,0.0,1.0,0.0,-0.10556248473538377
0.7375155684670865,1.0946294150112226,0.05397958838109826,0.0,0.0,1.0,2.88143922790894
-0.933617680009877,-2.015521157708082,-1.663501311010247,0.0,1.0,1.0,-2.9547319593425008
-0.20543755786763002,-0.4255858735740588,-1.004270137875641,1.0,0.0,0.0,1.846929864292719
-0.9500220549105812,0.5720672944826471,-0.27222116218443226,0.0,0.0,1.0,-2.383006471049252
-0.3390330759005625,2.9531168893113566,1.3226343245746794,0.0,0.0,0.0,-0.36058927741202806
0.8403081374573955,2.7907574806971014,0.12877741568010492,0.0,1.0,0.0,4.087662253448039
-1.7273204231923487,0.1798748644240404,1.747583566082577,0.0,0.0,1.0,-4.638071770032148
0.43442364354585733,-0.727682234569015,0.7993334020448402,0.0,0.0,0.0,-0.04375569948373337
0.2377356023322779,-0.7943127912934416,0.1316232982864843,1.0,0.0,0.0,-2.9442993136725994
-0.5941499556967944,0.41635281333781815,1.0362999428248205,0.0,0.0,1.0,-2.4981312201175054
-1.4460578543884546,-0.24635905923984516,-0.9286573367524225,0.0,0.0,0.0,-3.1967552743436887
0.07212950771386951,-0.7860770640429084,-0.11615467365429735,1.0,0.0,0.0,-0.31325597398510013
-0.5294927090638024,1.107302250106467,-0.22117527454570965,0.0,1.0,0.0,-0.38671056876881305
0.23267621135470395,0.9034974131139046,1.0058521506514317,0.0,1.0,1.0,0.9211208979445213
0.02185214552344288,0.2052208194739556,-0.7325083891573047,0.0,1.0,0.0,1.9976555419636057
1.6017788913209154,-0.3589680499105969,0.3161004750910968,0.0,0.0,1.0,4.362511613281755
-0.23935562747302427,-1.4165059483687399,0.4197033725214319,1.0,0.0,0.0,-0.016644642567540724
-1.023497492621865,-0.4371628606495566,-1.6219068611139245,0.0,0.0,1.0,-2.311664881062556
0.17927563495631615,-1.0432206598873544,-1.6714805326679472,0.0,1.0,0.0,2.790229713815738
0.21999668397176517,-0.8826248232099208,-0.8021819624295204,1.0,0.0,1.0,-1.8999659075861215
1.3591875752404365,1.401733336600826,-0.7371624326166023,0.0,0.0,1.0,3.389950313891573
0.8351112459145785,1.0608632934320783,-0.7842238330671185,0.0,1.0,0.0,3.7781078958264915
0.35687105914950934,-1.677208213315211,0.11748506149587962,0.0,0.0,0.0,3.3894578971165004
1.4633028912195618,0.4638418793255665,0.8211384803067343,0.0,0.0,0.0,4.750015942621806
-1.188763054322851,0.9566459224807956,0.21301276129097985,0.0,1.0,0.0,-4.005345409600783
-0.6397515327497477,-0.6016180495487169,-0.6472171359022393,1.0,0.0,0.0,-0.7835770452375761
-0.9265759414055249,-1.1172565087362332,-1.6878416723379066,0.0,1.0,1.0,-1.4766738113690503
-0.38980980315576796,-0.8633212612650975,-0.7480601566646436,1.0,0.0,0.0,-1.7089219274682645
-1.3766861475563088,-0.37703470485981594,-0.9061187801373926,0.0,1.0,0.0,-3.6345974744026073
0.6351509468144043,0.10828567068380075,-0.02837444627441738,1.0,0.0,1.0,3.676243734061167
-0.22222269709877338,0.2823580770682902,1.0657435133688253,0.0,0.0,0.0,2.1690203986153573
-1.4708062945026579,-0.8753992014242278,-0.17309581528529094,0.0,0.0,0.0,-3.2985114446550354
-1.0155790812075416,-2.0965852729500907,-0.38169737748316507,0.0,1.0,0.0,-2.9805288986242346
0.3135138474501953,0.08158934517927062,0.522990801004647,0.0,0.0,1.0,0.8594287782937235
0.8381265678943811,0.48894575753231195,0.5165801402309563,1.0,0.0,0.0,3.3504745394735775
1.9967308916917865,-0.4749130559883382,1.4419799846276091,0.0,0.0,1.0,5.816683411356184
2.9138624660073296,-0.16423505137389952,-0.4222105947549811,0.0,0.0,1.0,9.02604814655557
0.4144094332759964,0.32182733633129973,-2.2464794522237246,1.0,0.0,1.0,-0.3435860969683231
-0.9895381200318641,1.1529969272566007,2.0946459230075787,0.0,0.0,1.0,-1.023028565358854
-2.132046280731309,-0.19691725080866215,0.09941480793629426,1.0,0.0,1.0,-8.106415932916946
0.2677114623438358,1.0831199748341207,1.0556294774244739,0.0,1.0,1.0,0.15496674635198848
-0.812941095310326,-2.102883997570997,-1.1276778559884582,0.0,0.0,1.0,-2.292433394653257
-0.41535726017968533,0.12292600527480434,-0.39656958697772726,0.0,0.0,1.0,1.7404085392939022
-0.6120967990598081,1.5777652618766878,-0.9415356554262324,0.0,0.0,1.0,-2.470314874457915
-0.14079088641638526,-0.7079109004888242,0.2924782045195189,0.0,1.0,1.0,-1.4213963801897505
1.0659802307876436,1.6616044233627172,0.8790054024073309,1.0,0.0,0.0,2.37171531636224
0.15704856744534462,1.5042872886804624,0.36206835124062536,1.0,0.0,1.0,2.959491453753002
-0.1586348370386883,1.190030678874011,-1.2762672109213062,0.0,0.0,1.0,-4.694425001375096
-1.0356537528258116,-0.941227333981679,-0.04925398625731806,0.0,1.0,1.0,-4.6110682767003155
-1.674682944704357,1.6700523249701136,-1.2651615677664303,0.0,0.0,1.0,-0.9271157703737432
-0.4863079090733309,0.0739437581147383,1.5327329994926138,0.0,1.0,1.0,-0.5726006169825373
-0.05378255081832049,2.4452882147564865,2.0340929681501114,0.0,0.0,1.0,-1.8203250764637915
1.767929913579883,0.4753568323907568,1.427337251448439,0.0,1.0,1.0,5.240912767477492
0.13027452147288585,0.30531184762773234,0.7832766907028832,0.0,0.0,0.0,0.49200541352045
0.9827395110230576,-1.5422146213434054,0.6304370921829721,0.0,0.0,1.0,4.217406401927581
-0.49929559853915206,-0.058853823482124895,0.38608787505242914,1.0,0.0,1.0,1.2613662086163893
-1.1849437664170246,0.4930318427918693,1.901548165857808,0.0,0.0,1.0,-2.9720037773322505
-0.9651167622323719,0.9448884726461402,0.2813951979564528,0.0,0.0,1.0,-3.7050327412165567
-0.7252260645357532,0.9425515935193568,-0.9066781022382356,1.0,0.0,1.0,-0.9950515304599532
2.1284697324351645,-0.7568010596393205,0.3879204719771578,0.0,0.0,1.0,5.338030152011202
-0.8213866792243861,0.703833676862422,-1.1761752745083738,1.0,0.0,0.0,-4.014166281656703
0.838489203736345,-0.33917197488718775,0.5388084633913225,0.0,1.0,1.0,-0.124395696725633
-0.9029271780870264,2.1499230965535814,0.8782427993716729,0.0,0.0,0.0,-5.056474126011681
0.9315730128742441,-0.8664826601489851,-0.5469014325965691,1.0,0.0,1.0,1.4500513044363244
0.38495096610586316,-1.4322340718239217,0.767949855807875,0.0,0.0,1.0,-0.6118317532337172
-0.1566378976580904,-0.7669711227065807,0.011452468906891559,1.0,0.0,0.0,-5.890191219515284e-05
-0.040762526135434025,-2.0589844306827887,-2.3119613954135287,0.0,0.0,0.0,-1.921390317142355
-0.6547876954293904,0.39018588702643786,0.8963614116169766,0.0,0.0,0.0,-6.679862539325287
0.44607220148208054,-0.042316854638382174,-0.6655349109864527,0.0,0.0,1.0,-0.22765105743795688
-0.45498348034078,-0.5341773017406126,2.1988674757858924,0.0,1.0,0.0,-2.072739912604469
-1.2256057637672482,0.16971624387555856,-0.6967355041988836,0.0,0.0,0.0,-4.584991523109692
-1.2779375743196193,-0.6738754751879772,-0.803017760103048,0.0,1.0,1.0,-1.5545257039950817
0.17258791772211948,-0.12876557701418145,0.5365246570095572,0.0,1.0,0.0,-0.4025500857673667
1.579091256410435,0.8329317154875119,1.2501658499005774,1.0,0.0,1.0,6.058658964030101
0.15999161357343825,-1.8180678963438435,-1.2664790478122128,0.0,0.0,0.0,0.4515009411990221
-0.11863832610988256,0.6033194246176519,0.003304365128735056,0.0,1.0,0.0,-0.4193720668385458
0.2858261396025429,0.48107300947985426,0.18058031642779138,0.0,1.0,0.0,-0.3955920144644268
1.3060017417068248,-0.23749979454759312,0.8466945237652307,0.0,0.0,1.0,3.8298312477493237
0.21938250136385634,0.8873917450494131,1.907323959304228,0.0,1.0,0.0,-0.48949668625455645
-0.41092723083373717,0.08310774550186077,0.5291183803491724,0.0,1.0,1.0,-0.9777452211193558
1.1062887100598888,0.12257796174696808,1.6946354405041726,0.0,0.0,1.0,2.964491681244134
0.4287564384616135,-1.5719644218641182,-0.4365615999753295,0.0,0.0,0.0,-0.13067258440256002
1.535755991995992,0.7307197021637921,1.711748983418947,0.0,1.0,0.0,6.0951094855388686
0.18323443722190613,0.6232866704323008,-1.2760958838781173,0.0,0.0,0.0,1.1899640316978564
-1.2244690317205003,-0.19607233502425925,0.23525068913818736,1.0,0.0,1.0,-4.345501196374873
-1.368159199245665,-0.5531914574348663,-0.34345297956872073,0.0,0.0,0.0,-3.88623802718403
1.6509279322312496,-1.106598531287957,0.6370019818828065,0.0,1.0,1.0,4.827050014440803
1.723665720783297,0.7077124459255547,-2.6846327238963834,0.0,0.0,0.0,3.869610756454981
-0.17951921328260065,0.35333600636681445,0.15851828330294473,0.0,0.0,0.0,-0.43281329631605614
-0.38318732113598775,1.3568675807032178,1.4683064780469528,0.0,0.0,0.0,-2.081079595619025
1.4614442922422022,-0.363958487927493,-1.6496029173454356,0.0,0.0,0.0,2.9669321232964574
-1.107045682043488,0.2705933684434117,-0.8130235833408774,1.0,0.0,1.0,-5.755288041530251
-0.8947270189558264,-0.33232506917069804,1.4157506529879849,0.0,0.0,1.0,-3.2220920871754255
0.6433267946890444,0.16397550273646216,0.7108726950828441,0.0,1.0,0.0,2.7804363734427184
-0.3946051228595896,0.4068623480289682,2.6103862029648934,1.0,0.0,1.0,-2.2258043986470586
-0.005121866720071296,-0.3779055725243573,-0.5938422984287721,0.0,0.0,1.0,3.7656974380767405
-0.16344289852451258,0.37003999116663455,-1.2980808531172026,0.0,1.0,1.0,0.8381997849055607
0.33757454879893356,-0.7617147854950094,-1.145058741564309,1.0,0.0,1.0,2.969218845387518
1.4074818613137168,0.45539348728354817,-0.12634128150539412,0.0,1.0,1.0,5.415310102051788
0.09058490690174555,0.057163450947773926,0.8791088032214285,0.0,0.0,1.0,3.0510521831130957
0.6439387932768579,-0.5918980988122721,0.17926070179318282,0.0,1.0,1.0,0.7513134046217604
-2.0501721010310225,-0.2965225973555325,0.31070360804531816,1.0,0.0,0.0,-9.991622381581
-0.04871840193011795,-0.9814404937621752,1.6568137999771264,0.0,1.0,1.0,-0.8153436183196785
-0.8432302702928711,0.5181253340973048,2.010086495634647,1.0,0.0,0.0,-1.6923629475573072
-1.218813060423628,-0.5986982959567105,-1.6069861927493818,0.0,1.0,1.0,-3.4291637236489168
-0.8781523669287508,-2.3862378376987294,-1.2083578502577466,1.0,0.0,1.0,-2.221248184334577
-0.33412344070081207,-0.7995354476575003,-0.7663791488290951,0.0,0.0,0.0,0.9789946819023723
0.9159025423560131,0.29902126052832806,0.051245394918002084,0.0,0.0,1.0,3.320793988761789
-1.326392717739564,-1.143808812020937,0.514097146796001,0.0,1.0,1.0,-2.7808087618321595
0.030631492594417446,0.3930371234447667,-0.685397515010751,0.0,1.0,0.0,-1.317449634995886
-0.4841694333335785,-1.2096344779553667,-0.11971421636869628,1.0,0.0,1.0,-3.0955988338247904
-0.32767309436196085,-0.9688464864940959,-0.08676028465103178,0.0,1.0,1.0,1.4381516014508489
1.0027578253046041,0.7680266446976598,-0.3311681613782946,0.0,0.0,1.0,3.159625778634414
0.5381154370039261,1.6675130273409484,-0.2675931846998431,0.0,0.0,0.0,0.6795025358425759
1.3373981074427437,-0.14166511200138038,-0.24040304387560293,1.0,0.0,0.0,3.0801025820075534
-0.15450567924990047,2.103297105325726,-1.3938382493255785,1.0,0.0,1.0,-1.4372017202070877
-0.695942611670703,0.3425212216787477,1.6687177652472434,0.0,1.0,0.0,-3.151266366580872
-0.22385881688049952,0.3225096984590038,0.7491675252869263,0.0,1.0,0.0,-2.5962981545469885
0.2424967912712216,0.2700567965243883,1.9723560801283937,0.0,0.0,0.0,-1.523140229517098
0.17657335845371103,-0.0554714007673315,0.2877090244163564,0.0,1.0,0.0,0.23721350887950432
-1.0843880722333665,-2.7722416769312823,-0.9779655526555782,1.0,0.0,1.0,-4.1425530221806985
0.09048978162787422,0.5981148998221689,-0.10379268870546085,0.0,1.0,1.0,1.9322082730485657
0.22822833013890514,-0.03919709277066512,0.5641226510793222,0.0,0.0,1.0,1.1242999703170902
2.5174740375339204,0.3186639987315624,-0.14899518039714393,0.0,0.0,1.0,7.950398632718736
1.8768446112816701,-1.1153118574910479,-1.2504468238464188,0.0,0.0,1.0,4.515853222513335
-0.8532433505588201,-1.9076720230123823,-1.80030397363621,0.0,1.0,0.0,-2.7412726753464236
-0.2873833615491761,-1.65076272698254,-1.2279766844211069,0.0,0.0,0.0,-0.32064842920036773
-1.4634420018370031,-0.34767795504918103,-1.2050493135480937,0.0,1.0,0.0,-3.3160323959419964
-0.5907070139634865,0.4163569800852038,0.9602884014121374,0.0,1.0,0.0,-1.9129587816680076
0.3156050035903405,-0.8208131716294891,-0.7731810361048393,0.0,0.0,0.0,2.565500679757335
1.2058536208882336,1.8418631653734552,0.2323837612541749,0.0,1.0,0.0,3.6295448260266148
-0.7290838377436085,2.1963334962925436,0.10485480698844406,0.0,0.0,0.0,-0.9979808354543058
-0.6541464400677965,-0.7538548787843489,0.5773150412788423,0.0,0.0,1.0,-2.697217633087115
-2.147289029738655,1.3480955579390554,-1.326463251522243,1.0,0.0,1.0,-9.160749639068927
-0.16266592054490767,0.2501091852088283,0.057482814671414396,0.0,0.0,1.0,-0.085459279606939
-1.062414411859563,-0.8277938016617772,-2.551902631224048,0.0,0.0,1.0,-2.099257140858751
-0.5294394273660737,-0.6942217027673916,1.324170408495805,0.0,0.0,1.0,-0.7252972843868671
-0.8768607781675882,-0.6960446454873964,-0.029523628330150875,1.0,0.0,0.0,-1.9973023423466045
-0.09426255425255699,-0.28757815638447787,0.10281630333844001,0.0,0.0,1.0,-0.805668111690152
-1.7577283913566313,-0.14803028147416997,-1.1058274106536146,0.0,0.0,0.0,-6.483304551238283
-1.4670452453909906,0.10436608090686705,-1.5201929971593966,1.0,0.0,0.0,-3.5735433326073007
2.129247112028298,-0.37048330325641465,-0.1589941433944165,1.0,0.0,0.0,7.0274124603823065
-1.287422581274031,0.5102921624227771,0.4834505826771556,0.0,1.0,0.0,-4.703616380087833
-1.0967855784546396,1.1359349722822616,-0.13211913839129827,0.0,0.0,0.0,-1.6262204515758338
1.836913528321314,0.9382218036981215,-0.3680351656006826,1.0,0.0,1.0,4.186442313142542
2.905067169240407,0.42015211847740164,-0.9406473896807841,0.0,1.0,1.0,7.83991643953466
-1.1715666288253417,0.12495821577089314,-1.2729866698149208,1.0,0.0,1.0,-1.060062067963528
-0.36824895678803055,0.8260819166761979,0.08704119751681037,0.0,0.0,1.0,0.19812603623677738
0.34155555094050954,-1.263769615232704,-0.8729652812680256,1.0,0.0,1.0,0.4876526939849948
1.7286976444055924,-0.12434115126110726,0.4657516492891588,1.0,0.0,0.0,5.617163997682103
-0.9868570784282374,1.7243909587061275,1.6733546071767098,0.0,0.0,1.0,-2.728382868498955
-0.24527784594210975,-1.6887446648235371,-1.532150166644994,1.0,0.0,1.0,-4.854254335292396
0.777337576061744,-0.37903046996913325,0.2695237750997362,0.0,0.0,0.0,0.9723018039751594
0.43476607446661863,0.45965720068926574,-1.9037772631548437,1.0,0.0,0.0,1.2280282977359336
-0.37615607123009925,1.231924965723088,1.4807449768744212,0.0,1.0,1.0,-1.6633854285292569
-0.13382296451604114,-0.1998527028499981,1.352556522897043,1.0,0.0,1.0,-0.0308150463024926
-1.3748958083699818,1.3985855342254618,-0.8903821008419789,0.0,1.0,0.0,-2.430463955688065
-0.23817374397466523,2.649035773583618,-0.6044247683784363,0.0,0.0,1.0,-1.1968249089048868
-0.2663874900089551,0.30020759537994063,0.07730849002680391,0.0,1.0,0.0,-2.3856446642111626
0.23216988962625595,-0.29606067004108744,0.9804862242016682,0.0,1.0,0.0,1.1837871566453357
-0.555327218819016,-0.8654744331754917,-1.0670807345137532,0.0,1.0,0.0,-2.1559166568087536
0.471538522545139,1.3558563482029102,2.0862337639689157,0.0,1.0,0.0,1.180520316402563
1.0127158178198286,-0.6307842518657065,-0.26470720921231666,1.0,0.0,1.0,2.6004868747298673
0.15542932766846604,-0.10217267613979067,-1.4804158665917042,1.0,0.0,0.0,3.829044683021877
0.35175640839920347,-1.051905254300029,-2.1871154810414875,0.0,1.0,1.0,-2.3057871662993072
0.053155347577867364,0.39420552319505675,-1.6022911932006587,0.0,1.0,0.0,-0.4230348119653671
8.439309141418043e-05,-0.1470924211706389,1.647099157752938,1.0,0.0,1.0,-0.005280359198345536
-0.7215580335428474,-0.2865607524076185,0.707249076311283,0.0,0.0,1.0,-3.33638783905271
0.316494261673308,-0.12894545939187996,-0.25313362434868736,0.0,0.0,1.0,2.2992215332123487
-0.09728659841348947,-0.9595620361692848,-1.2395805337723296,0.0,0.0,1.0,0.9280267228389907
2.093168308930595,1.9108802074364646,0.9604737136423527,0.0,0.0,1.0,6.207872999058973
1.5733549024752425,-0.6783713213706337,-0.21039863573402756,0.0,0.0,1.0,4.314054074410186
0.3858465525565008,1.6919295655106128,0.8348759384885528,0.0,0.0,1.0,0.9896044063220317
-0.7630572096947675,0.6852134732033288,0.25278401778797094,0.0,1.0,1.0,-2.4463516095560185
-1.112411471983418,1.481046359972167,0.737547638166257,0.0,0.0,0.0,-3.454793958138898
1.191142953088865,0.13097932102087564,1.0438697850341625,1.0,0.0,0.0,3.291430206991396
0.2627492251471385,-0.5660718255580836,-0.7385970862108311,1.0,0.0,0.0,1.1669216473300046
0.4801434033916108,0.23329224882814661,0.3988529275518908,0.0,0.0,0.0,2.5702483074166302
-1.7445859869741926,1.3368189083072264,-0.020131110876940497,0.0,1.0,0.0,-7.079148182320443
0.9274384815581808,1.1335911052193028,0.38247004013589536,0.0,1.0,0.0,1.2063195958248187
0.45442033821436295,0.8421468376287682,1.0338982938347503,0.0,1.0,0.0,-1.2595160295821966
-1.110430684414478,0.3506244326126631,-1.5272556016161831,0.0,1.0,0.0,-2.031695952707035
-0.47152480744994896,0.10985635652488826,-0.15037518586613258,1.0,0.0,1.0,-1.0390894825641521
0.2637172043565196,-0.26767842616844906,-0.28298778304761935,0.0,1.0,0.0,1.5490528869687146
0.05246679835624363,1.918768786692016,0.42508962481798057,0.0,0.0,1.0,-1.986846962476472
-0.292171185803555,-0.6323570450787631,0.5849129550302442,0.0,1.0,0.0,1.8009086269095425
-0.10348826806596086,1.5806003259131944,1.9896695317620547,0.0,1.0,0.0,-1.2237411664159192
-0.25197737820688537,-0.8685725937162078,-1.049635252219144,0.0,0.0,0.0,-0.5036234239537722
0.15256251210246857,-0.02764615611004588,-0.859528711234429,1.0,0.0,1.0,1.7392645273249636
1.471491972993157,1.0551814760820672,-0.8627092630810775,1.0,0.0,0.0,2.9340062852853634
-2.5666584409312976,1.3323222306145361,2.4478177699798485,0.0,0.0,1.0,-8.519461860562894
-0.23685026450968424,1.0636222062544882,0.5246343913617421,0.0,1.0,0.0,-0.44179313162774136
0.17651242137244696,1.9519348054193602,0.28363615437986284,0.0,0.0,1.0,4.8157468773144
0.2959939896870995,0.5717761232970662,-0.29147125439022215,0.0,0.0,0.0,1.3396690833393348
-0.37191458132128985,-0.572455299881592,-0.03700462156138662,0.0,0.0,1.0,1.2937979819822079
-1.7567217824785826,-0.39983538625627574,-0.11751912316760692,0.0,1.0,0.0,-3.4616556296478147
0.32799548371410964,-0.6404404021621625,-1.9036343848840764,0.0,0.0,1.0,1.536001505884107
1.727350214164185,-0.6258184297002454,0.7143982398394889,1.0,0.0,0.0,3.6982569850465374
-1.5338614049161376,-0.17837786936341976,-1.8606313058100914,0.0,1.0,0.0,-3.01195379852106
0.8638280136981883,-0.5516462678548142,1.0553042837974649,0.0,0.0,0.0,0.34431852862249457
-0.3285252231228939,-0.5251456375563986,-0.2941073029715531,0.0,1.0,1.0,1.4157370161469562
-0.0613243458288473,0.4025627003644066,-0.05155667909849548,0.0,0.0,1.0,0.11603492484084102
-1.052898510703949,-0.08306309160091573,-0.38167618332054726,0.0,1.0,0.0,-7.1340308530591106
-0.33445617235587666,-0.012171639879752292,0.08082760336523985,0.0,0.0,1.0,-1.5141276596153885
1.3000445946989585,0.23186676036839202,0.8614907265310788,0.0,0.0,0.0,4.881055515481286
0.582655241987707,-1.298259676536968,-3.400818622887992,0.0,1.0,0.0,1.3924299164034708
1.732311605409944,0.1885072730894576,-0.7109617698287449,0.0,1.0,1.0,6.269443532720192
1.1774118889776937,-0.4930606131199285,-0.43797306777849687,0.0,1.0,1.0,2.2571994153646378
0.4390866789295762,-1.3096660247286325,0.08121211370821414,0.0,1.0,1.0,-0.6417135223926826
1.743934526167792,-0.8248660304561563,0.5145963009235988,1.0,0.0,0.0,5.124635473931968
0.43899315873829875,0.9491091172832423,2.8309576544203043,0.0,0.0,1.0,1.3643279771497685
0.8279881767970589,-0.9400455026459864,0.33527595460847714,0.0,0.0,0.0,1.9613880037976945
-0.29657095353470836,1.4749853576783412,0.49200517748366335,1.0,0.0,1.0,0.9512238593591635
0.06654581585920483,-0.10757946300861249,-0.12773896553982314,1.0,0.0,1.0,-1.075673615130972
-0.6974238233002769,-0.8698250135026268,0.4133906301059331,1.0,0.0,1.0,-1.6225230589023063
0.989583934594853,0.8470469841920798,1.999285248708801,0.0,0.0,0.0,3.0707067605299967
-1.1783036231148656,0.11388188560323424,-0.12723606414903585,1.0,0.0,0.0,-5.869984797548722
0.7823503424176613,0.8884434140160066,1.4836586253959174,0.0,0.0,1.0,0.36850575175021527
-0.19065105750515945,1.562720902583113,2.3299110428575553,0.0,0.0,1.0,-0.5540866481425313
1.1712470934673194,1.1713480557240668,1.2346003109406551,0.0,0.0,1.0,6.485541278432404
0.7508689887312598,-0.5958311106666371,0.7879850870871882,1.0,0.0,1.0,3.121511684041996
1.8206461576468016,0.5546943128919551,-0.2666215087607906,1.0,0.0,1.0,2.873486235223456
0.7307746911386448,-0.34461145035825624,1.1614837525388093,0.0,0.0,0.0,-2.473408024263072
-1.5720402556532407,-0.20423466577214355,-0.6605182132613941,1.0,0.0,0.0,-3.616540377453153
-0.06695317289820084,1.117783668356579,-0.7365252720733086,0.0,0.0,0.0,-0.345179743086901
-1.172007192594816,0.7279230994448864,-1.3543189266107711,0.0,0.0,0.0,-1.8041226235188934
-0.5182798423662747,-0.6822112484833027,-0.5300241278817717,0.0,0.0,0.0,-2.8759164081659865
1.5112284332767216,-1.2735730932872558,-2.5752710348987486,1.0,0.0,1.0,5.059004046617954
0.637533810897696,-0.9811125272678746,1.1466501750576494,0.0,1.0,1.0,3.1818616272348823
-0.6989304285787463,-0.5486444315579926,-1.3724136401784228,0.0,0.0,1.0,-2.7679867430459613
-1.013717366440399,-0.18175114868368375,-0.17938547827038215,0.0,0.0,1.0,-3.6802804546677947
0.03278209287626079,0.18602483256002944,-0.6406650078753858,0.0,0.0,1.0,0.1362405252763681
-1.2165601493811278,1.017432945846403,-0.8734081240953743,1.0,0.0,1.0,-2.83566592830289
-0.6711402773965811,-0.3751758304808066,0.15729581112074845,0.0,1.0,1.0,-2.03492183895761
0.31200947155124387,1.1388283844167353,-0.7721256000764034,0.0,0.0,1.0,2.3970229212929612
1.1553120361066962,-1.012635787841704,-0.5813239463011365,1.0,0.0,1.0,2.7730333244195435
0.6087614722244398,0.7513375477488818,0.41932662161540396,0.0,1.0,0.0,-0.16630839152134524
-2.2912895085981,1.8165191646544891,0.6032375393879983,0.0,1.0,0.0,-3.908405473624531
0.3043667290302598,-0.29314618383786883,1.1603409226960133,1.0,0.0,1.0,0.006149582277109822
0.07203357323257792,0.1368286081426653,0.894339625506484,0.0,1.0,0.0,-0.6365624058788872
0.41389028537269307,0.2873166425530787,0.5806921529580064,0.0,1.0,0.0,1.1429658745098026
1.6162096816512073,-0.40251055185769324,0.6305039484043798,0.0,1.0,0.0,4.9494007094345935
-2.063238276804743,1.3614989443622945,-0.4991415732761975,0.0,0.0,1.0,-6.7697402941466525
-0.5911034251911056,1.428825897486556,0.7994999596864687,0.0,0.0,1.0,-1.7994611209968303
0.5909063227933546,0.7643396413942354,1.2497090439435026,0.0,0.0,1.0,1.7130756212378029
-1.5815943994539423,-1.0293218807389464,1.7803504799465133,0.0,1.0,0.0,-4.482554207830616
1.475949048053509,1.2805192827242455,1.5214613090709186,1.0,0.0,0.0,0.8916159556795531
0.3683566127006584,1.2012849698267574,0.6174846308683138,0.0,0.0,1.0,3.9263842986137494
0.846583985843404,1.2616922334392224,-1.489724282379243,1.0,0.0,0.0,2.3188194872283754
-0.5709436615217945,-1.316710556174333,0.9348399171595867,0.0,0.0,1.0,-0.8418970553949057
0.8137636899662105,0.21186924252599826,0.5192780443535011,0.0,1.0,0.0,0.37413905759759514
1.0684715559890383,-0.7293220874921383,-0.9233144848677655,1.0,0.0,1.0,2.4989142760932395
0.23287802013716835,1.8147288911163022,-0.8779587348281147,0.0,1.0,0.0,-0.30983973906911655
0.23440089269869593,-0.4498319053146923,-0.5837345734912247,0.0,0.0,1.0,2.9077883248589056
0.2703432392817259,0.7415561989150242,0.8913474465711806,1.0,0.0,0.0,-0.06769069240864656
-0.8633452647393817,0.7831992630344405,0.15795703280361895,0.0,0.0,1.0,-1.452915813808008
-0.14752868024035293,0.3029901554626792,-1.2806052696751429,0.0,1.0,0.0,-1.4182167197308515
-0.1525225324523588,-0.017490292731681224,-1.671254863280253,1.0,0.0,1.0,-1.1364960068379926
0.3833938643534951,-0.6033433538385041,1.6719172667026216,1.0,0.0,1.0,0.7818563452594564
0.9998242469102946,-0.9666457668884965,-0.8511591655380802,1.0,0.0,0.0,4.925240430974834
-1.0585360819784093,1.0714014210855325,0.4451579824011849,0.0,0.0,1.0,-6.010387234480406
-0.12500903031957764,-0.08127549090183926,-0.036877403653669656,0.0,1.0,0.0,-2.348522423870382
1.4814555476589732,0.09150324697075883,0.055021724323643405,1.0,0.0,0.0,1.5234088944421948
-0.7435882288125641,1.0259208634841834,-0.6802513856317018,0.0,1.0,0.0,-3.8620178660798676
-0.8222500172903203,-0.12467461418625855,0.9575231607993803,0.0,0.0,1.0,-3.684150128659122
0.20230619183119358,1.2153289322286782,0.9910438263101519,0.0,0.0,0.0,-1.8148033056420028
0.8443851904853201,0.5950309439729287,0.7267825488132541,0.0,1.0,0.0,1.431933951533957
0.01142605556065933,-0.5607117917734219,1.1873639668337954,0.0,0.0,0.0,-2.9877935547181442
1.3289605904369892,0.3676528228432741,-1.1844936148488527,0.0,0.0,0.0,2.4598986856594456
0.8567939825665268,-0.08287110517349904,-0.999451542328015,0.0,1.0,0.0,4.371012547564881
0.8418200668900618,0.27953151054707925,0.6508471826286543,0.0,0.0,0.0,3.1308423060918398
0.5541165013240933,-0.13176117992460418,0.9246800689096237,0.0,0.0,1.0,1.9435510122310713
2.327653100346085,0.9906036931176526,0.25825625579665906,1.0,0.0,0.0,5.478791466619583
-0.2051616888660442,0.86381952859469,0.1945467358584866,0.0,0.0,0.0,-2.919612505165219
-2.003522292066514,-1.2581974675895575,-0.5141956595263805,0.0,0.0,1.0,-7.719300989500963
1.604254361517141,-2.7201572922341484,-0.03704448624386748,0.0,0.0,0.0,4.7479483442074
-0.45769943095682564,0.7893301201475299,0.8726511552524281,0.0,0.0,1.0,-0.07083312328047442
0.10788044434303304,1.408320882477967,0.488245140803978,0.0,0.0,1.0,1.6771924587320797
1.309550684860527,1.1334100178870836,-0.11743249781184933,0.0,1.0,1.0,4.87457059830658
-1.6022595410589253,0.9334184211042639,0.7626988421481093,0.0,0.0,1.0,-5.9131139192786915
-1.2516472141061394,0.48274072183760613,1.479158777389067,0.0,0.0,0.0,-3.7181168937124367
-1.6012779371188537,-0.9222468615138517,2.402079975128403,0.0,0.0,1.0,-5.28584760641243
-0.7941362900254239,0.3213115671877202,0.40652399026211616,1.0,0.0,1.0,-2.684193515318397
0.43963660601699356,0.03499995427797074,2.053674945952332,0.0,1.0,1.0,4.3746016634907
0.524187842812771,-1.0782281018172146,-0.7269125057885477,1.0,0.0,0.0,-1.0704368270671059
0.27627417932855375,0.9611947228050944,1.2104591340601631,0.0,0.0,1.0,0.47680731410227
-1.4127658838923665,0.03898557299911006,1.7692676549879223,0.0,0.0,0.0,-2.420674290882864
-2.310103436632644,-0.7088561462881371,-0.5959311530649847,1.0,0.0,0.0,-9.129147552448238
0.054353585390382264,2.5460655958503557,1.3824721179059927,0.0,0.0,1.0,-0.8025603817282287
-0.47177603363833576,-1.2720424200074238,0.163060917563494,0.0,1.0,0.0,-2.2088858472664663
0.45938577171661177,0.047606303011111795,-1.8360888843873675,0.0,1.0,0.0,1.0432227320688585
0.7019536262212701,-0.8439061463784326,0.3576676619545052,1.0,0.0,0.0,-0.28807486074551525
0.13824143205868192,1.3416692506489318,1.3323165019299708,0.0,1.0,0.0,1.3076533866831048
0.7601330853758538,-0.04284407176908917,-0.3987135277459126,0.0,0.0,0.0,3.2798301798972775
0.22921137411506842,1.6859462274212296,1.3005750265410416,0.0,0.0,1.0,1.4501971098721267
0.5300647056014667,0.35148289001136745,0.17628125821538415,0.0,1.0,0.0,0.28463360536777804
-0.7046732628698824,0.7163747109037369,0.19219566221188217,0.0,1.0,1.0,-1.9842536024287045
-0.17961141383145854,-0.22974744608925823,0.2937719025908687,0.0,0.0,0.0,-1.8879946008480069
0.19677609665695725,0.4877882770916969,0.0030851284344251477,1.0,0.0,1.0,0.09143329881360274
0.8205284754174188,1.0619709813718898,-1.210887393472623,0.0,0.0,0.0,5.691787317008574
-0.3937411722245721,-0.3842648823187038,-0.38493114781971544,1.0,0.0,0.0,-1.0376804502793324
0.5211672557321126,-0.6003800256458304,0.5363761371721328,0.0,1.0,0.0,-0.2177880967844219
-0.265838791915379,2.7421460790799124,0.40667434854593343,0.0,1.0,0.0,-0.5270133647502662
-0.11754216732813036,-0.21653732907284223,-0.22495810562185437,1.0,0.0,0.0,-2.380320391079356
0.829519042024073,0.1361970267819744,-0.4105991025481579,0.0,1.0,0.0,0.6900415372997015
-1.993060371054156,-1.0873756361704678,0.01613752462016862,1.0,0.0,1.0,-7.540865817085654
-1.296472328074761,-0.23589080298256118,-0.5445071969074398,0.0,1.0,0.0,-4.555881162517808
-1.4821853974428207,1.2441872317504181,2.1543597875097507,0.0,0.0,1.0,-3.0411026989446595
-2.3336161198483047,-1.3663150395696457,-0.6036632415366022,1.0,0.0,1.0,-6.133251062519656
-0.6782644401551767,0.3105682585432138,1.107812536611951,1.0,0.0,0.0,-1.2503003280945377
0.7494338997277404,-1.6159893594824624,0.22842689835181204,1.0,0.0,0.0,0.5999148507974077
-0.28488406638257474,0.8403147414379907,0.5723700635556306,0.0,0.0,0.0,-1.6666237323011972
0.19779008194185213,-0.6364342447399862,-0.5685057321436681,0.0,0.0,0.0,1.001371906150339
1.0892174967107926,0.6555280095435384,1.1461086138616072,0.0,1.0,0.0,2.3251725120497584
1.3276861322676916,-0.5185714753516154,-0.4144923728222697,0.0,0.0,1.0,3.565508736351427
-0.06913793472613955,-0.023982552583457255,-0.33008750352975824,1.0,0.0,1.0,0.45462423461650564
1.3535858895693973,-0.6589698984764922,-1.7246832622481743,1.0,0.0,1.0,3.537598646906239
0.09212665843410921,0.46701401958417293,0.48001225448160517,1.0,0.0,0.0,0.6154693589553655
-0.8373982238274621,0.17722252191223314,-1.594493305958181,0.0,0.0,0.0,-0.12310198745303325
-0.5944003521987352,2.2619314551421934,-0.1491414304688297,0.0,0.0,0.0,-2.0409892550767017
-1.4805365125650163,0.635238910336778,-0.6879583769628878,0.0,0.0,0.0,-2.6726028231162395
-0.8881338537336524,-0.08124240341003434,0.7013108242302362,0.0,0.0,0.0,-1.8253464602399199
-0.35801668807442916,0.3803999872549634,0.6540565670442442,0.0,0.0,0.0,-3.274913054453438
0.8035850193786016,-0.15629425453430773,0.6389621277604672,0.0,0.0,1.0,0.7575495142405182
1.7207698311659838,0.02629300087734029,-0.7924139893594601,0.0,0.0,0.0,3.9119156688931067
-1.38218151537704,-0.48151553083809834,0.7534583119614854,0.0,1.0,0.0,-5.428796921530296
0.39282746825991893,0.509303326741118,-1.1436044707826234,1.0,0.0,1.0,1.0430477856195355
-1.0405439391575344,0.11308811823266665,-1.1702404769533572,0.0,0.0,1.0,-2.19966574534987
0.47469708846320197,-1.744669488514535,-0.5329394000586833,1.0,0.0,1.0,3.30682889044669
-0.1310866506877266,-0.32673334706344703,-0.14069293780502085,0.0,0.0,0.0,0.06900268102444362
-1.8309058258475304,-0.2328929905425179,0.5699473757027965,1.0,0.0,1.0,-6.161236811622405
0.9282969915684843,0.15956590204453913,0.43829593188455274,0.0,0.0,0.0,-0.3384708907393583
-0.605000712808731,-0.37060672683144175,-1.0353451936644047,0.0,0.0,1.0,-1.709117775300186
-0.5339002383735546,1.2033866166581317,-0.20980567817107357,0.0,0.0,0.0,-1.5630454245781769
-1.06975241128969,1.9398986182841567,-0.22348788922248317,1.0,0.0,0.0,-2.9348641035606335
-0.6542832766875555,-1.658575056094258,0.48176149425989795,1.0,0.0,1.0,1.1965106164923327
0.4278904406949172,-0.18713237495924456,-2.1111414887142868,1.0,0.0,0.0,3.14456614137436
-0.18924434093640552,-1.4257259818344714,0.2569329434055967,1.0,0.0,0.0,0.6098583545657621
0.32866200228248105,0.30827487131942477,0.4283090900226563,0.0,1.0,1.0,-0.4571296882599567
0.3619218539288437,1.4610118855816696,1.7766183757392837,0.0,1.0,0.0,0.3162734379914157
1.320661655528167,0.739363597594832,0.9755749362878401,1.0,0.0,1.0,3.819718056191747
-0.3427861508643793,0.937522778916238,1.5798412923004894,1.0,0.0,1.0,-2.191469138608668
-1.4768578168457318,-0.36265307092650506,-1.2893239802112761,1.0,0.0,0.0,-3.6798766630595185
1.067222416571983,2.192136722511873,-0.35890414427350026,0.0,0.0,1.0,3.737030523539506
-0.3314881720972547,0.5588650695925966,-0.12928615372275748,1.0,0.0,0.0,-2.6269262058738025
1.114592444577377,0.9824623169381198,1.5184813380547937,0.0,0.0,1.0,5.139002397376318
0.3833771131824704,0.9991916954587469,-0.273636255920122,0.0,1.0,0.0,1.3035968402607017
-0.13113753020334493,-0.18668174499370935,1.0809028798671616,1.0,0.0,0.0,-2.9870193107234115
0.3487758940462951,-0.4091788492818705,-0.563027760023327,0.0,1.0,0.0,0.9693133946214312
1.9510125601262995,0.1876663523009435,-1.1859431987266984,0.0,1.0,1.0,6.274847364263255
2.076980529053753,-0.11325467563898352,0.06105945655904223,1.0,0.0,1.0,7.690130129314871
0.0693811351327787,0.1211736773337518,0.6364149288817278,0.0,1.0,1.0,-0.29807119929158843
0.1601905933170753,0.3275915684458804,0.930819564901846,1.0,0.0,1.0,1.7224791811220368
1.0762401574663856,1.2808922937516523,-2.1707378251005878,0.0,0.0,1.0,3.50943345255448
-0.8456610327673472,0.8433486025231044,-2.7626588787167847,0.0,0.0,1.0,-4.5095650118584105
0.3330703726182551,-0.10992947464915942,1.1032786805734878,0.0,0.0,1.0,-1.1235390423690053
-0.0258628479538564,1.1232120608250868,-0.6116025890053343,0.0,1.0,0.0,1.6062512613624538
0.3139082114575536,0.27427337754702763,1.4893246425382758,1.0,0.0,0.0,2.7357009019453145
-0.8333688059494058,0.881246336210576,2.2170866217507292,0.0,0.0,1.0,-2.0157425722411326
-1.589567493308969,0.7498553232844078,-0.6610058582941656,1.0,0.0,1.0,-2.5251423981568637
-2.0729834359912918,1.071920436909029,-0.13167563494462078,0.0,0.0,0.0,-4.634035534411465
-1.1173841129896078,-1.1316832195311,-0.26506294794752805,0.0,1.0,0.0,-2.326709244749242
-0.458675284939333,1.6248003345156454,1.14726369991753,0.0,1.0,0.0,-2.742993087918507
-0.2931915866487618,-0.0693282879184939,1.4611733468095667,0.0,0.0,1.0,1.7175683666022297
1.9372311624295169,0.13940997023987695,2.0375594449772785,0.0,1.0,0.0,6.61614563560096
1.1059933699072981,0.7142527422521101,-0.6605665879225078,1.0,0.0,1.0,2.7392219478044617
-0.9620911163416273,1.020280005537336,0.0717918020129397,0.0,0.0,1.0,-3.8886783569828287
0.34770845245095694,0.9715298820027731,1.0837305355519127,0.0,1.0,1.0,1.428301029623656
-0.4070782363503251,2.279899211009115,-0.29994487844479617,0.0,0.0,0.0,-3.7278233363086573
-0.28436383804009513,1.3726890664406037,-0.7604791526521374,0.0,0.0,1.0,0.19641839890900858
0.18532564941538202,1.1442440006568106,0.06857895665205532,0.0,0.0,1.0,-0.8743792737948941
0.6191711169753933,-0.48138888249134626,1.8861825879178158,1.0,0.0,0.0,2.41342551416261
-0.33925848388401536,-0.19064390601825745,0.09968298711695026,1.0,0.0,0.0,-1.8002059576892853
1.0638515327343585,1.8190679002551875,1.0452882854948142,0.0,0.0,0.0,2.79492652911602
-1.141938226142404,0.4325369492410654,-0.7797020085360674,0.0,0.0,1.0,-4.561179487574809
0.006339062362268442,-0.02057877390428765,-1.4436285653146905,0.0,0.0,1.0,-0.22282695968439695
2.5976737265958323,0.5775885856841105,-0.11583706613824499,0.0,1.0,1.0,10.627090498813526
0.2230797426252751,0.24643948560725268,-0.5113985874687285,0.0,1.0,1.0,2.7468286684487864
1.4332145066061728,0.35809787059665593,0.0787049781668165,0.0,1.0,0.0,4.8313619523117035
0.09152017817320818,0.30509693589622605,0.8790677415604963,1.0,0.0,0.0,0.236619136172196
0.5807770953297967,-0.1397701352124372,-0.244619569215029,1.0,0.0,1.0,3.0086330720287178
-0.056783194392691534,-0.12419520010346849,0.818288406958139,0.0,1.0,1.0,1.5246060079832602
-0.17040758116420443,0.3715802083543524,0.008691083546650184,1.0,0.0,0.0,-1.7559503168039072
-0.7794823967254196,-1.0881180180035037,0.9193104170764737,1.0,0.0,1.0,-2.4546054916245623
0.4303013589575532,0.6251762422714349,1.536083202448368,0.0,0.0,1.0,-1.4420332674794607
-0.8515371891857679,1.397782852474071,1.654863920235384,1.0,0.0,1.0,-0.8699584021659614
0.6655852363134291,-1.5589725709338633,-0.9807721752862321,0.0,0.0,1.0,5.0942920954915705
1.08528700444591,0.1940040410323301,-0.4691287133346287,0.0,0.0,1.0,3.375984950272358
0.36653140723722993,0.12409131935771417,-0.17415342589807914,0.0,1.0,0.0,-2.0879209656428346
-0.28624873355569186,0.8051673265600418,0.46218187289515456,0.0,1.0,0.0,0.05458957419847099
0.4539655793086961,0.29395173390061025,-0.6138317437760045,0.0,0.0,0.0,0.0057629887024677195
-0.3086730555464126,1.4547760557360343,-0.15468568451056308,0.0,0.0,1.0,-1.921043329135928
0.9355471254651493,-0.6376301794416618,0.007605005633790639,0.0,0.0,0.0,3.7465059610819536
-1.8314060842151236,-0.7577731850796502,0.3842319427756208,0.0,1.0,1.0,-5.112387064376285
-0.3356073681186462,-0.30275795191822635,0.16107564434247026,0.0,0.0,1.0,-1.7389852673638413
-1.9908119951239978,-0.190805758084492,-0.2991173697294131,0.0,0.0,0.0,-6.94684443427449
-1.495060830227205,-0.8819481130179406,1.7378725923787905,0.0,0.0,1.0,-4.2964284078503665
1.3638622298139094,0.7583130953951331,-0.029564037560118942,0.0,1.0,0.0,3.477388360673177
0.895184981971686,-0.49890898765594655,-0.20091082473371558,1.0,0.0,0.0,1.021699245510547
-0.7194802332847904,0.4683937414715577,1.796764566421577,0.0,1.0,0.0,-2.6572854720719112
-1.502503456040897,0.7331777937792386,-0.5812936047852492,0.0,1.0,0.0,-3.9981214332399153
-2.964528837841651,-1.3285830536903054,-0.5882737337104447,0.0,0.0,1.0,-9.160741713754403
-0.5434955079326346,-0.031889199948932294,2.070901894475123,0.0,1.0,0.0,-3.7507494211701813
2.4204150122474024,-0.525107315415355,-0.5371715221184512,1.0,0.0,1.0,8.744841968805517
0.4348842714636474,-1.3763172285521368,-1.1878335488707146,1.0,0.0,0.0,-2.8035643410240585
-0.5595722860494895,0.4132801157029552,-0.3679975177322488,0.0,0.0,1.0,-2.3482645906911213
0.46508020950030626,-0.7510649392205094,-0.18714070331037247,0.0,1.0,0.0,0.4649429466700449
-1.5609583529944429,0.45552672254687737,-0.47919773686126366,0.0,1.0,0.0,-4.460606742176206
-0.29732336269763543,-0.06345927881534445,-0.14604631588180148,1.0,0.0,1.0,-0.04947737638880301
0.09947747301573849,1.9458172954557267,0.20434543621866189,0.0,0.0,0.0,1.9885796314387683
-0.08610065182104851,1.083656665127425,-1.994939106584659,0.0,1.0,0.0,-1.3269092654913859
0.7908061216900806,0.11723049000443406,-0.44844501251953534,0.0,1.0,1.0,3.2522918710704642
0.34464522623605237,-0.7628024047225226,-1.3466818638780458,1.0,0.0,1.0,1.3276632605303487
0.668326018107997,-0.29687577644536206,-0.7665105668012239,1.0,0.0,1.0,-0.5623310084508439
-0.6883722822307594,-0.5276250635823683,0.34421167722270574,0.0,0.0,0.0,0.7856935364588864
0.8978154084105481,-0.21664547969725484,0.9624941612887813,0.0,0.0,0.0,0.5352835343713451
1.6289369476239914,0.626861364906409,0.9754283169275039,0.0,1.0,0.0,5.516056751336547
-0.9701495196514126,-1.1343393715202972,-0.3533724792665813,1.0,0.0,1.0,-2.325508642657616
-0.8876956557145598,-1.0934304645882151,-1.996744046741209,0.0,0.0,1.0,-2.2496317936500634
1.3357843363202329,1.7001622570739439,0.5236490904751158,0.0,1.0,0.0,3.2654876857182877
-0.19134398669506028,-0.8270410004434027,-0.23789063944886066,0.0,0.0,0.0,0.6668470166255727
1.403821392066557,0.5819083948954389,-0.7467923042069399,0.0,0.0,0.0,1.870912965285028
-0.4425357118921839,0.10627693977649154,-1.342813295288283,0.0,0.0,1.0,-1.4263503186874362
1.4550455762707113,-2.624858393699533,0.7561083436184274,1.0,0.0,1.0,3.5193247139834463
0.13148581680545218,-0.6404137848545053,0.04952906569063118,1.0,0.0,1.0,-0.6214894626841907
0.2582288233226952,1.4682928922582184,-0.6735803941376471,0.0,0.0,1.0,1.4178081511484042
1.5647180216699044,1.1324934295550069,-0.16063765862701154,1.0,0.0,0.0,6.310371879089238
-0.36177047744417123,0.14765050259643336,2.185574269008651,1.0,0.0,1.0,-1.6001950750878127
-0.9411220959249583,-0.44461499697379353,0.004637406939085364,1.0,0.0,1.0,-1.652344652886209
-0.44856420802835434,0.35141370741271677,0.1468698842274846,1.0,0.0,0.0,-1.2710816259181654
0.4523339506431387,-0.7585147237354262,-0.7967765185667174,0.0,1.0,1.0,0.017903538072403302
-1.5657590721805144,-0.31190142499334383,-0.5438168377696506,0.0,1.0,0.0,-5.084205356403139
0.6374709026511215,1.1081941246080835,-0.5564891657266446,0.0,0.0,1.0,1.4631838717659422
-0.5387713176177432,1.7492543777187612,1.4397701627331527,0.0,1.0,1.0,-2.6613038216113996
1.1478126607335635,0.7153357015834367,-0.8064338801385722,1.0,0.0,1.0,4.086162375184441
-2.3942603049004716,-0.004005920345088195,0.05959496989449133,0.0,0.0,1.0,-6.830811633144275
-0.7865657751041687,2.2796242749208533,1.1968341755283338,1.0,0.0,0.0,-4.745671872716633
-1.686468151234102,-0.5573336806721404,-0.09935961590206327,0.0,1.0,1.0,-7.536693446561342
-0.8262294663639526,0.8363833225528623,1.023861584199468,0.0,1.0,1.0,-1.841661719283226
0.24766590110894313,-1.2840136197258338,-0.3645684951899438,1.0,0.0,1.0,-0.4799319398649726
-0.1792266254497549,0.3536803780883157,-0.20003666315715185,0.0,0.0,1.0,-0.08461814369877874
-0.25337756894801494,0.23062782853689406,0.7841596604980686,0.0,0.0,0.0,0.41126466031973763
-0.1591848713800608,-0.5296582835098216,0.2150625796708054,0.0,0.0,1.0,-2.383983870248521
0.20338824061994343,-0.5907073525414961,0.37806721821475964,0.0,1.0,1.0,-1.5071411600044473
-1.0085360419431078,-0.5404910431302468,0.38796516677636594,1.0,0.0,0.0,-0.5139606022363803
0.7068496408990508,-0.22611538957449642,-1.1780441359821523,1.0,0.0,0.0,2.647905097140841
0.6626659703854839,0.5446296471097183,2.370915023274995,0.0,1.0,1.0,1.3591369261465451
0.385037937656101,0.8073786504400643,-1.2212284185107447,0.0,1.0,1.0,-0.24579686600109252
0.5565334427512632,0.11885268761546651,1.0321466668521593,0.0,1.0,1.0,0.9039390548928701
0.2964180008086595,0.5284222909359935,-0.07745695117184315,0.0,0.0,1.0,-0.896604501743987
2.0350733027310675,-0.5098436318937754,-1.7490104946580451,1.0,0.0,1.0,7.4303381693290875
-0.0870941710525099,0.5184338841435667,0.7685497344343161,0.0,1.0,0.0,-1.426409243567011
-0.30708321833457675,-0.6084353292258317,-0.021154331036727557,0.0,1.0,0.0,0.7190522273206704
-0.7535275803573779,-0.852144294854014,-0.6171829022200681,0.0,0.0,1.0,-2.8615261207271505
-1.0322626705778368,-0.24120367949728644,-0.5479042112225243,1.0,0.0,1.0,-4.661813287159482
-1.2444717876010754,-0.11416706696828721,0.013069090753212916,0.0,1.0,1.0,-4.372867744823928
-0.8887973132309185,-0.6304583749431636,0.2836230525128441,0.0,0.0,1.0,-6.602642105944881
-0.07068038165207131,-0.4737318892621227,-0.4214136258767166,1.0,0.0,1.0,-0.3931940099672243
0.3342951284977145,0.6123033679718881,0.6923730803162307,0.0,0.0,1.0,0.7477065987979056
0.051142058552161786,-0.09169910354342341,0.13687642421659812,0.0,1.0,0.0,1.390540295478437
-0.765535277429713,-1.469089420824383,-2.088825730037526,0.0,0.0,1.0,-5.1260632242642075
0.9001845640199633,-0.9725709751497639,0.2916503918567991,0.0,0.0,0.0,4.443353233355211
0.7394126723009475,-1.4620994936848397,1.3040761554256721,0.0,0.0,1.0,3.4491369593993264
-0.159648307422017,0.11305125128352872,0.4965187905011501,0.0,0.0,1.0,1.3991204232819432
-0.652916144664712,0.8519826184989523,0.43605294273081546,1.0,0.0,1.0,-2.0378304980003423
0.5484279208297995,-0.701377170128355,0.29998330054641253,0.0,0.0,1.0,3.1661290136435314
0.18797358748610446,-1.0021648702798351,0.487639910670115,1.0,0.0,0.0,-1.6429452899020442
-1.4481272594150476,0.2730770335107807,-0.1199500712817115,1.0,0.0,1.0,-3.2748104304383436
-0.0679802559844049,-2.4132566270047833,-1.9467883494846407,1.0,0.0,0.0,-1.3606849111031325
0.26203581207438104,0.9907965476797844,0.16933258608488858,0.0,1.0,0.0,-1.6909953124112616
-0.8996947864877538,0.20593094134407425,1.3140947476750686,1.0,0.0,0.0,-4.385295136709802
0.189843392837443,0.21842170855757378,0.36911902202894403,1.0,0.0,0.0,0.5778268864562349
-1.4548224852577891,-0.3815544143536118,0.4839590748684322,0.0,1.0,0.0,-5.6009162680997715
1.3361861000121709,1.3189840580993146,0.04634976663672878,0.0,0.0,1.0,4.572668597580213
1.2479499850594318,-0.5363665777426375,0.1746980371931759,0.0,1.0,0.0,1.0314936226722695
-0.25251733430296475,0.21078316242361994,-0.7469754059898386,0.0,1.0,0.0,-3.948198318332687
0.36345433783907316,-0.10613168252779409,-0.9862798009734378,0.0,0.0,0.0,3.1489441647325833
-2.409921965799875,0.9789283343759605,-0.13797253838273169,0.0,0.0,1.0,-5.8740657032974735
-1.1563476602653329,-1.4237646351234887,-0.6742901605131476,1.0,0.0,0.0,-5.04298823466671
-0.2937789201521298,-1.2256214804608083,0.25009897431354994,0.0,0.0,1.0,-0.8858362256621987
-1.0721330214268592,-1.2564385196769743,-3.278822119294773,1.0,0.0,1.0,-1.6871384739785915
0.7143964826306588,0.959832326867326,0.23076413520040504,0.0,1.0,0.0,2.7719903603278846
1.997296530747994,1.3234595558714464,0.048445862720415934,1.0,0.0,1.0,6.2142242365191995
-1.176614719429302,0.9613404881549303,-0.47816444065857566,0.0,0.0,0.0,-1.8871130363190105
-0.8374634040851927,-0.30070493179108126,-0.23953465294627868,0.0,0.0,1.0,-3.608458925057409
0.23544836830993032,-0.6881939107686023,-0.08744150516029485,0.0,1.0,0.0,0.753112777926734
1.6111161484996208,-0.26524796143438584,-0.7070713738288842,0.0,0.0,1.0,4.806575488060275
-1.2223743125399031,-1.8488118021884845,-1.5714291644386422,1.0,0.0,0.0,-4.0762660091262735
0.24903612230694197,2.094596701253408,0.9085697243340239,0.0,1.0,1.0,0.16240009978969783
1.8212988508131087,1.3929830660156715,1.4134936758295868,0.0,0.0,1.0,5.573198909182063
-1.6517591481792673,0.3753268912634541,-0.17892186898200807,1.0,0.0,1.0,-4.903666200559511
-1.281069206845832,-1.946043111355126,-1.296477814836259,1.0,0.0,0.0,-5.415849084339285
-0.42360660646083825,-0.03456871020032706,-1.1362297179191911,0.0,0.0,0.0,-0.06812595453184356
-0.520588412855411,0.7837619372691982,0.8273107910920751,1.0,0.0,0.0,-3.026343050215621
0.8126012877536446,0.9587259181167678,-1.2376915485511932,1.0,0.0,1.0,2.1104536964401728
0.24165971982083806,0.13704301270472558,0.15369332570353436,0.0,0.0,1.0,0.28205845038243693
-1.7749620596421283,0.6546670603029486,-0.3077494545472979,0.0,1.0,1.0,-4.787730759937562
0.5154104029008109,0.5396184800474699,0.3303558601372058,1.0,0.0,1.0,-1.632424701623567
-0.5775388873556505,-0.43100484484120366,0.2845942060620439,0.0,0.0,1.0,-0.3962519396727644
1.274447216941239,-0.6972756696800769,-1.0455525929522684,0.0,1.0,0.0,2.807856129405471
-0.6275875364369197,0.1088442944410282,0.6266854708720591,0.0,1.0,1.0,-0.05281766714517766
-0.6366152831022357,-0.23560247553262031,-0.7493553565358176,0.0,0.0,1.0,-2.6270932360809387
0.5411316108045314,-1.2167660966508747,-0.0577050901241561,0.0,0.0,1.0,1.5501294538125785
0.7629264823369366,-2.093459758023753,0.010677914797951476,1.0,0.0,1.0,5.159458507113445
0.4480993639362036,0.6903047311904617,0.7067493142411327,1.0,0.0,1.0,0.928290778618108
-1.6855973173848082,0.04892873591048498,-0.06711347529983559,0.0,1.0,1.0,-3.198517125144237
0.5380344399282511,1.4023228338166067,-0.355417832954655,1.0,0.0,1.0,1.6726709481315933
-1.034308051674399,0.37984478018262235,-0.529285896553693,1.0,0.0,0.0,-2.4797959095829625
0.2352761115882635,0.40043233374847015,-0.5390926550406105,0.0,0.0,1.0,0.8107662188818522
-1.4237344353990602,0.7479601226225556,1.0251856812303861,1.0,0.0,0.0,-2.999425866746994
0.44632214754306365,-0.4643846608126582,0.22103101103651437,0.0,1.0,1.0,0.3106690233496139
-0.8065989043073726,-1.9263464077187211,-1.598253009786389,1.0,0.0,1.0,-3.895869497450896
-1.2826346502605217,0.2464084557690809,-1.028579302783307,1.0,0.0,0.0,-4.805768236347098
0.7138201364823995,0.10112341936569719,1.973952477395791,0.0,0.0,0.0,2.2910259739333347
0.2416445216767513,1.3621388427066652,0.12692755952619822,0.0,1.0,0.0,0.3937053867047597
-0.6139768013928971,0.08488110938991994,-0.021835993284266178,0.0,0.0,1.0,-0.7765180894719268
1.4511788490210642,0.9080485968077672,0.5471994180846894,0.0,0.0,0.0,6.310634096795473
-0.44065242156974244,-0.5143221410677347,-1.467986639971194,0.0,0.0,1.0,-2.78571477056174
0.03210767397093466,0.5659687721387732,1.6812605849955582,0.0,1.0,0.0,-1.004600165508095
0.2689134476786009,-0.029798692607947857,-0.7640062259392292,1.0,0.0,1.0,-1.347618784433478
-0.6196659341286136,1.7161089469921604,0.8350587099821676,0.0,1.0,0.0,1.186561683752815
0.47113629339992935,-0.6455167814830794,0.7337250354539486,1.0,0.0,1.0,1.8704131288825283
-0.5334523471647244,0.8857217420919508,0.7857164696359501,1.0,0.0,0.0,-0.8806535614168066
-0.4116383222162092,0.8644577303590661,-1.9530957834510723,1.0,0.0,1.0,-3.2452275441952
1.362642639803341,-0.13391786178041845,-1.5330122467294336,0.0,0.0,0.0,4.086172935899711
-1.040586052512433,-0.41360304337668324,-0.12172360452799103,1.0,0.0,0.0,-2.3578861809176717
-2.41278033092949,-1.2003527630099495,-0.5484902446457601,0.0,1.0,0.0,-7.617477528590109
1.6109369950118944,2.380914532520221,1.4523512048610812,0.0,1.0,1.0,6.446369422275275
2.549327952607003,0.0039271187401251195,-0.22677619373674227,1.0,0.0,0.0,11.115730546285253
-0.40526926544933184,-0.8520576328104569,0.08193347148004744,0.0,1.0,0.0,-2.6364020369889234
-1.9368380406201853,-0.3637827070824584,-0.617316238216719,0.0,1.0,1.0,-7.3436449908256005
-0.31048397619594376,1.758030828180743,1.2190981465945527,1.0,0.0,1.0,-2.2480860268806966
-0.2862229498406692,0.30943056168723915,-0.9808040273828411,1.0,0.0,0.0,1.5506298905027283
-0.18992384102225704,-1.0463626805294055,0.02846276368385448,0.0,0.0,0.0,0.9937614524777555
-1.1133880419218483,1.7102731864314045,-1.9148400389602773,0.0,0.0,1.0,-3.5434558524560176
0.5795611424764774,-0.0854567742751867,2.1463123353318756,0.0,1.0,0.0,1.7935229240307438
0.5245073752860862,1.6144678165708592,-0.7332021052546533,0.0,0.0,1.0,0.3487066865631765
-1.4944056198193065,-1.00378955725929,-0.9879870082347181,1.0,0.0,0.0,-3.1481761228431435
0.6991967316948878,-1.054682463772755,-0.726980539928887,0.0,1.0,0.0,1.5277374589218327
2.052684981945891,-0.58446136204617,-0.1549430277497596,0.0,0.0,0.0,5.767940136655174
0.17196033243705985,-1.9096790781250983,0.7850129686985465,0.0,1.0,0.0,1.4290656546050649
-0.33732516206850605,0.15209101330094585,-1.7177916844477354,1.0,0.0,0.0,-1.29396789333035
-0.1420032144075213,-1.0354191557396577,0.31519910325483574,0.0,0.0,1.0,-0.7784586334693335
0.6152567669685612,-0.7172654780735466,-1.2220313012026451,0.0,0.0,0.0,1.8616331091992964
-1.7306716055072182,-1.4880680433464548,-0.39034843256461255,0.0,1.0,1.0,-3.998981695832039
0.16439070297730224,-1.6303228529732905,-2.517736874795176,0.0,1.0,1.0,2.9629117221576564
-0.3904639494628101,0.5901818942391104,0.22797695147598535,0.0,1.0,0.0,-0.2931625000193072
1.8478250129560454,0.9217731091753305,-0.1313136436677924,0.0,1.0,0.0,6.748446374304537
-0.17417273380495787,2.4845118769870225,1.9701685233435273,0.0,0.0,0.0,-0.8222992945665601
1.6678876111195198,-0.005992008993147262,-0.5895799667492673,0.0,1.0,0.0,3.941966038605484
-1.1037406977820072,-1.5682674318009626,-1.552440956762794,0.0,0.0,0.0,-2.330242744993349
0.5872591668027922,-1.1955193022078177,-0.8862024984795527,0.0,0.0,1.0,2.018638737309234
0.3194002637912288,-0.831472404926515,-0.501069342560981,0.0,1.0,0.0,-1.1757421817509373
-0.8690472478647824,-1.1366436162714506,-1.070455284591845,1.0,0.0,0.0,-3.0992461787327445
0.17739611463694044,-0.6167107885530773,-0.18325981602295788,1.0,0.0,1.0,0.4078428086884909
1.2125188368316004,-0.007167604099430805,0.47201393780118545,0.0,1.0,0.0,2.871869709952083
-0.3237917042866007,-1.6414507943556171,-1.9613887708641775,0.0,0.0,1.0,1.251228278953389
-1.6919626491697632,-1.0822954705392278,0.40592865403016337,1.0,0.0,0.0,-4.356129392155965
-0.01756282647744591,-0.9262331111315755,-0.9123700587315978,0.0,1.0,1.0,2.0070738974006344
-0.9024230947925126,1.6158638938348442,2.2272349136901997,1.0,0.0,1.0,-2.3121313918992983
-0.3423409386638824,0.919770760433604,2.6590239473129733,1.0,0.0,0.0,-0.9049410613540306
-0.08158776968512098,-0.7280493289816613,0.45478092274925824,1.0,0.0,0.0,-1.6496600354707367
-1.7056522160155172,1.6457810589528121,-0.1911705562274915,0.0,1.0,0.0,-5.099062348251701
-1.615658339320678,-0.19034684221778084,-0.2301069685712075,0.0,0.0,1.0,-4.827394129448874
0.48206683552552526,0.3462065942936255,0.44637917256451043,0.0,1.0,0.0,-0.604470319474774
-0.5227186961696804,-2.724890118272682,-1.7374661744186373,0.0,1.0,1.0,-2.3774472931646335
-2.564744341820567,-1.345412624928081,-0.3468530284619328,0.0,1.0,1.0,-8.179156923236244
0.7848440366081351,-1.0803325951198706,-1.3052284313974745,1.0,0.0,1.0,2.9747514259079875
0.27236975527423984,1.7681705882558987,1.5450324664859407,1.0,0.0,0.0,1.5091344338012787
-0.713874824036484,-0.0807006006307615,-1.2281839028672228,1.0,0.0,1.0,-3.013602195057259
-1.3168302110582415,0.5514472742004644,-0.26706572402673595,0.0,0.0,1.0,-3.247186229361897
0.8358078963143372,-1.65435944709923,-0.7675899476694402,0.0,1.0,0.0,2.2343052949202358
0.3493506225604296,-0.8930331378821157,-0.1575445455414852,1.0,0.0,1.0,-3.2563781696011462
2.3826022826840734,-0.08684456540785644,0.14690718040919945,0.0,1.0,0.0,6.420753800124906
0.42018859872493736,2.2490428754967198,-0.3379901619845909,0.0,0.0,0.0,2.8790487563883795
0.3877031412620148,-0.3126744961050472,0.07067594490553221,0.0,1.0,1.0,-1.359599211155475
-0.16692793010856513,-1.9045550690515634,-0.04532545825451696,1.0,0.0,0.0,-0.3317469897023851
0.816775867200791,-0.67533452471574,-1.8562119653842084,0.0,1.0,0.0,4.828219422880304
0.6250852012481537,-0.00016445095147814878,0.5681747524471655,0.0,0.0,0.0,0.7343361742287402
1.251725008565195,-2.9169253082153954,-1.1656483130006472,1.0,0.0,1.0,3.7583986463371133
-0.5213229186372847,-0.6730683958790158,-1.1319052926699538,1.0,0.0,1.0,-3.5199931417537362
-0.4354074729439623,0.24533410899633326,1.1787825049186316,1.0,0.0,0.0,1.1346242936634714
-0.4791031709119801,1.028442328141616,0.7463206330234934,0.0,0.0,0.0,-1.5623084532308618
0.7908017211789892,-0.849842559803985,1.0349164415388983,1.0,0.0,0.0,2.442345427727995
1.498374440296732,1.7290456551779754,-1.1571134393605238,0.0,0.0,1.0,6.5265740191486294
-0.45884049314930064,0.0068506283888501015,-0.8202431822297436,1.0,0.0,0.0,-0.38430388747968025
-0.42477372779309125,0.016924962066065884,-0.0856654234842917,0.0,0.0,1.0,-2.5877642821243834
0.3140772238697992,-0.2469045776637599,0.6882390098681751,1.0,0.0,1.0,-0.02868521452157624
-0.24576150001290142,1.5417049146421238,0.929965433876642,1.0,0.0,0.0,0.005112456746243721
0.95205365313989,-0.18819154406364913,-0.9147864489684663,0.0,0.0,1.0,1.91997937682526
-2.2517772906190467,0.9015387607202126,1.692584110745092,0.0,1.0,1.0,-9.93119684003793
-0.8267050469168946,-0.8788483148076636,-0.9320873624622953,0.0,1.0,0.0,-2.5599763387093004
-0.7824163339614458,1.1632269273553273,1.9985415965402917,0.0,0.0,1.0,-4.567567993571552
-2.320356012386145,1.1555562774485528,1.520932509207996,0.0,0.0,1.0,-4.536645406812846
-0.9636384443688041,1.4016663847532786,0.029326034719150174,0.0,1.0,1.0,-2.625733876461683
-0.9151561158459262,0.464719542712235,0.24783894913806034,0.0,0.0,1.0,-4.103230932653141
-0.20110465451883033,0.17109573957028731,0.8676588520689116,0.0,1.0,1.0,-1.6512625855501717
1.1129658916602636,-0.2202561096718005,0.9395213702234906,1.0,0.0,0.0,0.5048012931699102
-0.24506065119070236,0.18599135541770864,-0.6393694620822633,1.0,0.0,1.0,-2.384374783742863
-1.0308137202711538,1.6728150085513585,-0.2765289009538398,0.0,0.0,1.0,-1.5679563570024124
-0.056954541213528984,-0.024619759631161,-0.44417340355768886,1.0,0.0,0.0,3.1768155945980006
1.0491736214413494,2.2294583704906072,1.5955919848312405,0.0,0.0,0.0,4.237115634122485
-0.9759588161149049,-0.20574657638825253,1.6586202931565324,1.0,0.0,0.0,-3.0659402562762583
-0.9105748839214486,2.2255386384034983,0.5201093730712785,1.0,0.0,1.0,-3.3796637152452207
0.5585489592742234,-1.6975580441832057,-0.09221422691781501,0.0,0.0,0.0,0.24090315745812685
-0.22153611573080054,0.974571462759471,0.22667743125873427,1.0,0.0,1.0,2.425040501817209
0.6474846907094743,0.8799059461325595,-1.8735556662601147,1.0,0.0,0.0,1.6593310193318604
-0.013646791795296761,1.6666264401202944,1.334458200677555,0.0,1.0,0.0,3.132504369707866
0.701663648089567,-0.9917803260297912,-1.5073431191280833,0.0,0.0,1.0,4.195270208683793
-1.0350781140406409,-0.7521366224966318,0.5893809362456024,0.0,1.0,0.0,-5.716428989141333
-0.01208465078826744,-1.3573566175739045,-2.039892935554827,0.0,1.0,1.0,-1.0351825460037398
-0.21069001436315682,-1.064368205230171,1.0915166065053263,0.0,1.0,0.0,-1.6356377293502038
-1.2158909241041307,0.6193111303867207,1.8351614497865854,0.0,1.0,1.0,-3.767442318471001
-1.5634779478686884,0.760368759164697,0.8816156990337664,1.0,0.0,0.0,-4.7809052232766955
0.6857490352746618,0.7623730357671119,-0.371161576809577,0.0,1.0,1.0,6.5516057489212
-0.3509523822179781,0.6290731701510199,0.9561310565750137,0.0,1.0,0.0,-2.6686989583660723
-1.0222802816473295,-0.7258764933395909,-0.8793824391035124,1.0,0.0,0.0,-2.7233859414454034
-0.09617893692333225,-0.39443817034698236,0.2813840988960704,0.0,0.0,0.0,0.6362248029317079
1.1280188573493026,0.3457361086384129,1.2209520875848001,1.0,0.0,0.0,3.3816985653441134
-2.280737845371923,-2.200901614156866,0.8797505675998907,0.0,1.0,0.0,-6.676942669443732
-1.4966386899033264,0.5742297410361205,0.032220043865188876,0.0,1.0,1.0,-6.05712941116986
-0.9228864418952676,-1.1045486670226292,-0.13537154423188621,1.0,0.0,0.0,-2.60893003378178
1.461178866720329,0.6699153110612595,0.1928867986040226,0.0,0.0,1.0,5.150635094422545
0.2825869829192965,0.05333181021554902,-0.9258790688688862,0.0,1.0,0.0,1.3391618251645825
0.7673172404612268,0.2779792866073615,0.38398687855543007,0.0,0.0,1.0,3.1572530772518177
-1.1401609191262305,-0.44526607284687325,-1.1606368028608303,0.0,0.0,1.0,-1.3015709064243435
-1.1195358752705262,2.619252193427605,0.3515034874427228,1.0,0.0,0.0,-1.9531578129400662
0.4478137167227104,1.7922517744821664,0.2384907765898258,0.0,1.0,1.0,1.4503830704142866
0.05827433093544655,0.8280021627880836,-0.5786998054573479,0.0,0.0,1.0,-1.5828145350185774
0.5487388188641266,1.024534547449882,0.10862377654486587,1.0,0.0,0.0,0.7462085445257007
-0.18767099092845213,-0.4272553224477462,1.1375529053093771,0.0,0.0,0.0,-0.8924597006614794
0.278143726454627,-0.5432214989481315,-0.5241369174226145,1.0,0.0,0.0,1.212949926376052
0.15811908490510918,0.6279951664008118,0.11538737415561295,0.0,0.0,1.0,-0.2431418875337651
0.7777673890849254,-0.6098367361619124,0.08136143279239179,1.0,0.0,0.0,0.9297023684782486
0.8070082819444706,0.710162321028942,0.7533269331812524,1.0,0.0,1.0,0.6387268121529062
-1.6198719943917699,1.5126924970713262,1.763195624738363,0.0,0.0,1.0,-7.336382621758606
-2.2472685553408556,-0.44877352899708667,-0.7801551972711699,0.0,0.0,1.0,-7.0942317216844195
1.0017453976515072,-0.9431831886657543,-1.9858785812590565,0.0,1.0,1.0,0.8007380298490641
1.1877250932619365,-0.15411186135868482,-0.1965002732557097,0.0,0.0,0.0,2.0623867535497213
-1.0206230195133374,0.14849647133748953,0.013228657958888477,0.0,0.0,1.0,-3.6527218678064663
-1.8598354065456286,-0.5880099937183759,0.41530832210325364,0.0,0.0,0.0,-7.583382183724037
0.09903482100720092,-1.1094352019999663,-1.1120977272035815,0.0,1.0,0.0,0.8667327457696482
0.9308382263505294,-0.24215790769216225,-1.0724997563434555,1.0,0.0,1.0,3.902849274460119
1.7975945224343146,-0.16673276345874696,-1.0683332932599723,0.0,0.0,1.0,4.568643037639846
0.516297572101451,-2.1871509322925085,0.4285146281954398,0.0,1.0,1.0,0.8933517548893505
-0.37171669658569495,1.3955533991272133,-1.1986990447792603,0.0,0.0,1.0,-0.3090054345484685
-0.8931306215848627,-0.2869166324586283,1.170657682995786,1.0,0.0,1.0,-3.7503845106066063
0.011451291670654416,-0.5931640320458261,-0.2986454902738433,0.0,0.0,1.0,-1.1397469923839796
-0.2992647038852564,-1.099820946605113,-0.5266079070469794,0.0,1.0,0.0,0.8969536056236663
-1.0150679057288161,-1.5256998153340577,-0.4378230502311878,0.0,1.0,0.0,-1.7189221091172677
2.0487556508632867,-1.4391007523921064,-1.0145675007414852,0.0,1.0,0.0,7.0485919561057395
1.785168402072131,-0.5481446355989371,-0.9115422891840117,0.0,0.0,1.0,6.743972138307533
1.1360486835554284,-0.5248241443641793,1.4946505620220851,0.0,0.0,0.0,0.4422279626152408
-0.9208503978091276,-0.650483547040917,0.30186398166072276,0.0,1.0,1.0,-0.7317978732377215
0.8550193242972788,0.24722494949163076,-0.44674972748419167,0.0,1.0,1.0,3.1531511477674496
0.6396264094979018,-0.858400208798876,0.8406908266346369,0.0,0.0,1.0,3.435051304502308
0.44254562420405297,0.564872316857384,-1.4601700350624138,0.0,1.0,0.0,1.908379541286703
1.2496652670437771,-0.880883598675487,1.2279548562373699,0.0,1.0,1.0,3.8223830381515658
0.6353711428612774,1.2375460994081955,-0.8928090182058509,1.0,0.0,0.0,1.4931496100407502
0.7400142363043355,-1.9299336575847905,-1.1225159512963767,1.0,0.0,0.0,2.7707592742423146
0.6369062833722101,0.2761798672963787,-0.16328752460757226,0.0,0.0,1.0,1.443096986759802
0.3407914080021059,-0.5519783195495542,-1.1932617269203072,0.0,0.0,0.0,2.3241883741039864
-1.7836111297141835,-1.2465209823952808,-0.6049868687222424,0.0,0.0,0.0,-7.730518355970851
0.08362107741055723,-0.28335659476165875,-0.11118115516414034,0.0,0.0,0.0,-0.561500560459745
-0.5561919588491252,-0.4775452965864422,0.7596727785271357,0.0,1.0,0.0,1.398658996167594
-1.2798409576400205,1.6572055405589106,-0.26188214994938586,1.0,0.0,1.0,-4.77864356827865
1.681816619300824,-0.8688230952651023,-0.12193183306597107,0.0,1.0,0.0,4.687424273307255
1.7289953408857035,-0.6283981517383264,-0.14596743883963692,0.0,0.0,0.0,3.8631146226319966
1.359220600295612,-0.20745313580613733,0.724308965585026,0.0,1.0,0.0,4.581430310215572
0.2552134168558746,0.3249104049637105,-0.25145013287875756,0.0,0.0,0.0,-0.33875708464566845
1.3506251209526567,-0.9439717521998097,1.4468813819714297,0.0,1.0,1.0,3.773458960647395
0.012053180601825543,1.1031038060925393,1.6944610660241508,0.0,0.0,1.0,1.3094593458580823
0.20279727689777938,1.4177738120068129,1.2897103990648282,0.0,0.0,1.0,-0.4397532975288857
-1.093471370461983,1.5831210305238017,-0.883917720111889,0.0,0.0,1.0,-2.0974974324881175
0.39699130449884,-0.08881858313103994,-0.5384856824397608,0.0,1.0,0.0,2.4243178868370547
0.0603859284244171,1.1957390792226754,2.1891294408956945,0.0,0.0,1.0,1.763591927352192
-1.3026521168344645,-2.038508417311294,-0.2753695181582215,1.0,0.0,0.0,-3.697144858126333
-0.051197111816596905,-0.31664829674272654,-0.26215157224607183,1.0,0.0,0.0,4.708297280015388
-0.07972956385680847,-2.0661056524420363,-0.07548254911219547,0.0,1.0,1.0,1.3426118532426976
1.79756116664464,-0.35689114844079306,-1.4709334631567557,1.0,0.0,0.0,5.879999936544159
0.8942133285134095,-0.42235066785004527,0.09769184726763762,0.0,0.0,1.0,1.3687533644176257
0.011445439091466015,1.1812823319740706,1.7366373538470228,1.0,0.0,1.0,-0.11125237153681342
0.248787309801083,-2.2111359373789945,-1.4539532547853253,0.0,0.0,1.0,2.8858523947532997
0.044212378104198057,-1.2961174169243797,-1.0796897895352686,0.0,1.0,0.0,2.6969390577519974
-0.20291398479554773,-0.1665326962876348,0.28459369625883446,0.0,1.0,0.0,1.6087516962737007
-1.0824271973882869,1.227917561463134,0.0875633813330511,0.0,0.0,1.0,-2.069493132070431
-0.15105187760692926,-1.8328160517868652,-0.20903869376203113,0.0,1.0,0.0,-2.3366459422641457
-0.7460982566525134,0.22637964145460301,1.3717312729917457,0.0,0.0,1.0,-1.507552043219035
-1.2503155389231464,-0.13092409005452413,0.2711428374788231,1.0,0.0,1.0,-5.6130501838489355
0.5112218145475347,-0.9593057993482675,0.2172255410089163,1.0,0.0,1.0,-0.6975413464285336
0.39126465993323495,-0.9009526335198017,0.767573540740438,0.0,0.0,1.0,1.5325320066655626
-1.786707511368078,-0.6187290020063254,0.11981578905082332,1.0,0.0,0.0,-4.575323363199608
-0.12268463749512722,-0.605282114684819,1.948877671682518,0.0,0.0,1.0,0.9870117352358254
0.9957013858999235,-0.8005999280939231,0.04303000260332083,0.0,1.0,0.0,3.7328085182789117
1.0592237388963208,1.7832779323397463,0.8098437710890615,0.0,1.0,0.0,3.975050195303085
1.0258368428852387,-1.1677408099296889,-0.8282866609533449,0.0,1.0,0.0,1.6005316511671512
0.0389132069014598,0.9286779437804147,2.157199155351836,1.0,0.0,0.0,-0.040725406322620145
-0.8450453279691511,-0.3965346759906043,1.273358101547456,1.0,0.0,0.0,-4.795811162359184
-1.0836988273580606,-0.05029072062316391,0.19192149670311165,1.0,0.0,1.0,-6.256150176174476
0.3446049047503575,-0.41953956657952896,-1.4814675706489848,0.0,1.0,0.0,2.1447787790156836
0.379280034365163,0.9167087201660914,0.6842086537004408,1.0,0.0,1.0,0.008153512409050823
1.2873311116050654,0.12046956950458297,-1.4542456320901833,1.0,0.0,0.0,5.170741088029776
1.0999796503420836,0.8574926153986088,1.8321323600785793,1.0,0.0,1.0,4.9624603178463085
-0.1322286565311721,0.7181806957992767,0.25409261871058547,1.0,0.0,0.0,-1.3256619565283128
-1.2442058788608694,1.8986979844944047,1.0953188255382846,1.0,0.0,1.0,-2.8471509947496596
-0.31910659701089783,-0.5443180138228157,0.5565199130024493,0.0,1.0,0.0,-1.9490548839531558
0.21723119481052466,-0.35873129744527554,1.6023025741346346,1.0,0.0,1.0,-2.1171247275086618
-0.2020832453894041,0.9560292707447193,0.14778415127289013,0.0,1.0,0.0,-0.42128562950452464
-0.5778941080776558,-1.3645587967024682,-1.114355770236201,0.0,1.0,0.0,-2.4399931438066087
0.2528848149698989,0.536834562979244,0.3532785667659541,1.0,0.0,0.0,0.09852092902899912
-0.5039577414106104,-1.9583000793667655,-0.22346550754453556,0.0,1.0,1.0,1.4511414525364565
-0.628066083725374,0.6836238944257929,0.6334155332400127,0.0,0.0,1.0,-4.17298372527513
0.31145283430343956,0.5107807596684265,-0.6561542761534082,0.0,1.0,0.0,1.5086652059675254
-0.4019925801292048,0.04174567800852636,0.048043771429839496,0.0,0.0,0.0,-2.6981885961047416
0.24410438897835213,-1.6335885505841525,-0.2049439906640771,1.0,0.0,1.0,2.0947052808360427
0.2732040228521227,0.39199348916581683,0.13884071538070641,0.0,0.0,1.0,1.2672589228189668
-1.1394290010915746,-0.1893674207382614,-0.8817717311383644,1.0,0.0,0.0,-2.8492704795038035
-0.4812411238654122,-0.42257068315761964,-0.5265830417032822,1.0,0.0,1.0,-2.861057797999626
1.4377769399164624,1.347626352735756,0.21548188617680195,0.0,1.0,0.0,3.164948949816902
-1.1620795127342871,-1.0741158233917343,-1.2591962134721755,0.0,0.0,1.0,-2.095362777184032
-2.116654448970531,-1.0186244405602543,-1.6263670601367268,0.0,1.0,0.0,-3.6937667643202494
-1.8618451532425115,-1.6503037777708478,1.1807494999374037,0.0,1.0,0.0,-4.865073733891254
0.029109946576669203,1.975254647004008,-0.27026975198206743,1.0,0.0,0.0,-1.2588012414271417
0.03091727803269891,-0.5481352621956302,-1.5264289887753586,1.0,0.0,1.0,0.6011596177911991
-0.11761085542512094,0.36332789238571017,-0.3299398834947953,0.0,1.0,0.0,3.2883755002310515
1.2141898289285016,0.3461450579873473,-0.778544549699804,0.0,0.0,1.0,3.796203702863872
-2.672834433102938,-0.12104199918027572,0.41118667273361703,0.0,1.0,1.0,-5.8257420102184145
0.3959338744308236,1.2270999105301905,0.39874931567839933,0.0,0.0,1.0,0.07730757453440296
1.5614382018035733,1.1253676046012453,-0.5652296162401115,0.0,1.0,0.0,4.621185527956139
-1.127780764891714,0.2703985749676099,0.41096053657195875,0.0,0.0,0.0,-2.4539944854868283
-0.3798065117898951,0.4826751533587644,0.16157815667039402,0.0,1.0,0.0,-0.5434270729753891
-0.7528919172286209,0.40398830414662606,-0.37189782405248495,0.0,1.0,0.0,-3.408258771852604
-0.8943460460775288,-1.406688567933239,0.2923836626893776,0.0,0.0,1.0,-3.8973143239284855
-0.32626200502304,0.08734829670947236,0.6614425863176624,1.0,0.0,0.0,0.5036405895848679
1.4274852836845047,-0.023039702493281123,0.40941075609892913,1.0,0.0,1.0,6.069782070028732
1.8373866754875203,-1.5632988596500772,-0.9614447718640643,0.0,0.0,0.0,7.78037536364544
-0.3359392250401477,1.161185072964475,1.6983599483282543,1.0,0.0,0.0,1.6980780497588581
1.9050602140644701,-0.8628684645751333,-1.1250645888427495,0.0,1.0,0.0,5.917109796677305
0.035576476984624864,-0.39442858290873406,-1.2109843031111096,0.0,0.0,1.0,-0.3600694353935155
1.753691026701081,1.1141632420943575,1.281196677757516,0.0,1.0,0.0,7.287559488270946
-0.09329864965349177,1.5579672493496095,1.2742663609589904,0.0,1.0,0.0,0.7897079738169048
0.1310578260461443,0.09234557143474059,-2.1673163720050894,1.0,0.0,1.0,-1.0805094098629544
0.36547447264283456,1.6421218057887308,0.42100478556726745,1.0,0.0,1.0,-0.45403008034986336
3.1788536793675353,0.26741107114775786,-0.165310865232585,1.0,0.0,0.0,10.27445634013707
0.8512855748447891,-1.6926198990029968,-0.5634197278481387,0.0,0.0,0.0,2.2879447323083677
-0.7072645299514636,-0.4854578705460503,-0.31314575884679047,1.0,0.0,1.0,-2.161438521965437
0.9689978702758579,0.1929236569300413,-0.8269876202015682,0.0,1.0,0.0,4.515793657892866
-0.3618325370843415,-0.03321082837569807,-1.3489993346010092,0.0,0.0,0.0,0.05305810622452922
-0.48975018290120914,-1.375233831849902,0.028228903482179872,0.0,1.0,0.0,0.5255593239240202
0.9086013598921112,-0.06575542563834856,-0.27425352876696574,0.0,1.0,0.0,-0.17150007988371607
0.031085587771152785,1.370156931833041,-2.01563726383111,0.0,1.0,0.0,0.4733536391452595
0.2785759145118061,-0.1766272369017726,-0.31074949589249257,1.0,0.0,0.0,1.8777605271312285
0.013985221865292462,-0.37717258188819447,0.45880796124328665,1.0,0.0,0.0,-2.2479231194356486
0.3365831266054347,0.7348361050402631,-0.6142748415968324,1.0,0.0,0.0,0.02740591785134594
0.4249658974361492,0.07403611448839399,0.1539688412100087,0.0,1.0,0.0,0.014169948815069056
-1.9369669327054153,-0.1884554714473753,0.003130107610119218,0.0,1.0,0.0,-5.778353541526372
0.6665726686095336,-0.19545940727833228,-1.4804728198689217,1.0,0.0,0.0,4.441498958869697
-0.9820194198303006,-0.9047869375709806,0.6214784647520505,0.0,1.0,1.0,0.08782584750644906
-1.4422991355594112,1.2922080885205824,1.5047689077733473,1.0,0.0,1.0,-5.548328736288157
-0.05841124385868244,0.6912624574185989,0.2526320152253145,1.0,0.0,0.0,0.6146021441643139
0.08398100331445427,0.8297866864874607,0.6291715742143671,0.0,0.0,1.0,1.0901397881568355
-0.6935061645722808,-0.7364206447113657,-2.2325148240909374,1.0,0.0,1.0,-1.4990798364447206
0.8310318576679744,1.7132046094435212,0.17273485155096144,1.0,0.0,1.0,3.091565025112774
-1.342175166370907,-1.1191652881161298,-1.6662130050678725,0.0,1.0,0.0,-3.5709117454357284
-0.40694374877255896,0.25896047278031586,-0.21761873019088973,0.0,1.0,0.0,1.3105239348919526
-0.5848741349330007,0.9005350655494208,0.622301068265728,0.0,0.0,0.0,-0.10092263324691553
-0.04658727033933937,-2.80545961897716,-1.1583390925338293,1.0,0.0,0.0,-1.7299926574154187
0.2788642846472388,0.30455044711304985,1.0707704589494709,0.0,1.0,0.0,2.03017447526254
-1.0078929496235447,1.7213083592346714,-0.3805181758714341,1.0,0.0,1.0,-1.6851187871034559
0.7242826774562282,-1.5082761631963018,-0.135635795887023,1.0,0.0,1.0,2.645298963096368
0.06300236833469973,-0.565378256444709,-1.1213303167825042,0.0,1.0,0.0,1.8861436607581932
-1.8919462533119105,-0.3091083880375622,0.5780261787747004,1.0,0.0,0.0,-5.393727708487175
-1.958591440397031,-0.08275512747270565,-0.5485132646348854,0.0,1.0,0.0,-5.575072739576717
-0.012319292929311235,1.2379679592939408,1.372706906065961,1.0,0.0,0.0,0.14490293822763123
-0.2209673177863541,-0.16142259591883412,-1.5784281689652013,0.0,0.0,1.0,-3.690268082058566
-0.1034201135746335,-0.7111269894050551,-0.3188415654380521,1.0,0.0,0.0,-0.4308579315827115
-0.02798245653021798,-1.1206565272863385,-0.08892120223717785,0.0,1.0,1.0,-1.08632323127251
0.22555983951018072,1.5165018595045423,-0.39671030397720153,1.0,0.0,1.0,-1.1029924487582936
0.9476496098482997,-0.095877621801776,0.9561520077628481,0.0,1.0,1.0,4.993976256654183
-1.1111049009175582,0.8475790847679775,0.02637594939408649,0.0,0.0,1.0,-2.5770034249509877
-1.1719715929007948,0.43153931421703384,2.505299867092592,0.0,1.0,0.0,-3.560661400119206
-1.0933238578873825,-1.121188225336629,-0.21023501535477399,0.0,0.0,0.0,-4.127176600315787
0.2889166671687069,-1.1213904176259446,-0.43901988193166,0.0,1.0,0.0,1.3110043784492311
1.2449473786464456,0.293868371139885,0.10010007002092947,1.0,0.0,1.0,5.221996275915607
-0.4313394382395105,-1.2140202399574007,1.9034470622232416,0.0,1.0,0.0,-2.534467080038943
-2.5016998441596545,-0.17380256672444158,-0.7225786496188218,0.0,1.0,1.0,-7.5123420908938785
-1.7039928626103755,0.22274261939634762,-0.9733336142623615,0.0,1.0,0.0,-3.8098788395543677
-0.8330367227960116,-0.8218783436376655,-1.6040658462249784,0.0,1.0,0.0,-5.40311186201423
-0.5577288874952148,-1.034628861627981,0.22665287928398006,1.0,0.0,0.0,-1.7595413060937504
-0.4083886272547264,-0.3660995185532004,-0.25432111681045083,0.0,1.0,1.0,-1.8691029375854873
0.038581122980917065,0.024682083990159455,-0.04209992245579678,0.0,0.0,0.0,-0.08500141768979977
-0.3117463308224471,0.7308671692486644,0.1990312029088996,0.0,0.0,0.0,-1.6876818270251959
1.0493396105434072,-1.1286727575920834,-1.257095033262956,1.0,0.0,0.0,3.354455739441165
-0.6760173056813688,0.9389749836270644,0.328083428656007,0.0,1.0,1.0,0.857388913589971
-0.862317959475543,-1.2868414790244107,-0.48745293026593667,0.0,1.0,1.0,-3.0728375893194557
0.4788755385204616,-0.29940023002109806,-0.6041034217390564,1.0,0.0,0.0,1.8741931292025449
-1.5356420699261193,-0.08152370572260481,-0.8429954978244796,1.0,0.0,1.0,-1.6148065821646886
0.3896917053200022,-0.3644365485633098,0.7830515957202084,1.0,0.0,0.0,0.3440517484011736
0.10255318372626686,-0.12395950025736933,-1.2857708979485702,0.0,1.0,0.0,3.0296725745722544
-0.1474424899181674,0.6254384165197722,0.7540565382475356,0.0,1.0,0.0,-0.43434295981384136
1.5882761071492624,-0.25838877695433243,-2.524916045499314,0.0,0.0,1.0,7.437672660245177
-0.6222074452947179,0.5896790235929933,-1.0384774033247952,1.0,0.0,1.0,-0.7413206484646753
2.0602981705240784,0.727012756403408,0.29581523710404134,1.0,0.0,1.0,6.641557055445868
-0.2254314492280993,0.6548226017016767,0.023226728317975575,0.0,1.0,0.0,-0.7747403705141777
-1.2770164449702281,0.31085094581728484,-0.322471981489654,1.0,0.0,1.0,-4.7671114947295
0.0699195809948253,0.7176937534497098,1.6404479230696556,0.0,1.0,1.0,0.32344606793100505
-1.0762452003187681,-1.1058135952228463,-0.1081562973920303,1.0,0.0,0.0,-1.8826934124262684
-0.7517558478135002,1.0653374991271376,1.4190222269880537,0.0,1.0,0.0,-2.2749346899355065
0.39703330001549114,0.06507579414705791,-1.1550589477301292,0.0,0.0,1.0,0.716165692453687
0.5555820886501248,0.06138856585360323,-0.07617998410029049,0.0,1.0,0.0,1.2905724646837151
-0.6221677002542582,-2.6237365517800675,-0.34664213233498464,0.0,0.0,1.0,-0.3777881803881944
0.9874051450464006,-0.13358009110568778,2.8172741367170158,1.0,0.0,0.0,4.799957617788985
1.157507758021134,0.15770442114143313,1.3180527112206697,0.0,1.0,1.0,2.4717975034108464
1.436301756563291,-0.19338220446780283,-1.3714987687175395,0.0,1.0,0.0,3.3060234835186386
0.5294134071257222,-0.33406738824119425,-0.46130303033188724,1.0,0.0,0.0,2.157278600877835
1.3634287120856987,-0.5833827119596924,-0.3104475630326801,1.0,0.0,1.0,6.381584233392978
-1.8807984279740577,-1.009126699838314,-0.9199127572660405,0.0,0.0,1.0,-3.9234098214533333
-0.31790654862846257,-0.5130959433197484,0.7837847467138856,0.0,1.0,1.0,-2.8314979641552553
-0.8670052563234263,-0.90087682919058,-0.03498354376191753,0.0,0.0,1.0,-2.997129723958072
0.11922586112739209,1.1541927056890806,-0.08257889612251648,0.0,0.0,0.0,-1.0382277486520923
-0.5714492191967373,0.8249951097060573,0.09042933995789322,1.0,0.0,0.0,-2.115616440463099
-0.16615784194973238,-1.2112540653975932,-0.05645416368312927,0.0,0.0,1.0,1.9081414682038345
1.8821748802040494,-0.7214730699741098,0.9716131457297882,0.0,0.0,1.0,3.512623667437623
-0.1697197964203783,-1.2472920381737922,-0.9592985564646752,1.0,0.0,0.0,-2.93745732918142
0.4137923171902139,-0.26937506431071134,1.5946357249878504,0.0,1.0,1.0,-0.0014542785797619917
-0.2322693299242352,-0.025446575682664382,0.12383409790455173,0.0,0.0,1.0,-0.2658420859087165
0.07571328795683367,0.8002053809662146,-0.2526087311546776,0.0,1.0,0.0,1.158272094831636
0.006016680436071459,0.8096450132154812,1.5584649120877647,1.0,0.0,0.0,0.6742226936005141
0.4483240659731595,-1.178444963282675,2.4416412066433306,0.0,0.0,1.0,3.108500302766003
1.165307535547177,1.6194980196500866,0.1317430116778782,0.0,1.0,0.0,0.8512942152906371
1.6473939976033294,-1.3160410367601691,0.49346707422786196,1.0,0.0,0.0,6.724686800348394
0.30962008190916684,-0.3906170275252363,0.28646933509514955,0.0,1.0,0.0,0.46071726565806337
0.5895468860356021,1.8871366809045897,1.0854942092478628,0.0,0.0,1.0,2.865882122814108
-1.150864509185567,1.9867009171858034,-0.2555475709988942,0.0,0.0,0.0,-5.437731667701508
-0.08787674241562057,1.2325622351030021,-1.4211871947343742,0.0,0.0,1.0,-0.25619518173325645
0.940289464883589,1.3837966016726981,0.7481803327988258,1.0,0.0,0.0,3.1752745505342874
0.8659686384171532,0.43568563461913695,0.9047224997703434,0.0,1.0,0.0,4.331532471499086
0.21160973279505021,-0.7751450960880873,0.28241184210962195,0.0,1.0,0.0,-1.7430527355264973
0.8863939595679524,-1.281505105819892,0.06832279006857728,1.0,0.0,1.0,2.705310701506214
0.49076670899381886,-0.17798677614240632,0.1810801032098729,1.0,0.0,0.0,-0.15555280973175778
1.2003062582593216,-0.4962007630234583,-0.3285902983083167,0.0,1.0,0.0,4.359162841090377
0.2893591569571111,0.5169039459158938,0.123552634625911,1.0,0.0,0.0,2.0339022755555227
-0.35569831557103465,0.4097047727978224,0.9085685335266408,0.0,0.0,1.0,0.8636604170490276
0.33584125693302364,0.4681363384550193,-0.31654142530988283,0.0,0.0,0.0,0.20497958933650928
-2.9305943758527757,1.2500003868795522,-0.18216270170549803,0.0,0.0,1.0,-7.400943399025142
0.38288573638504947,-0.8356779593055974,-0.7426562782433143,1.0,0.0,0.0,3.190009590370728
-3.6484128252147836,0.21726831479455472,1.1739549138127927,1.0,0.0,0.0,-13.410108930427551
-1.723463407405418,1.2839452683673387,-0.38024871650946196,1.0,0.0,0.0,-4.251872842068578
0.45176860094098414,-0.5055848672456391,-1.1410865955527885,1.0,0.0,1.0,2.7930726834931114
0.47752933726679525,0.3053025572452641,0.35402741441634406,0.0,1.0,1.0,1.0444984322192297
-1.1624287801399305,-0.9330391025964295,-0.9093306603159749,0.0,1.0,1.0,-5.303446706707454
-0.7121020418789388,0.6449971592861017,1.2885211089902728,0.0,0.0,1.0,-0.7218724914723216
1.370540988614132,-0.7258996677720349,1.5079221002268872,0.0,0.0,1.0,2.312359724505761
-0.48403013157267616,1.3231675810981713,-1.3213620836274853,0.0,0.0,1.0,-1.7196175464843821
2.242920312402985,-1.4385564200783463,0.8623227169318306,0.0,1.0,0.0,6.668574850503962
-0.001919853176346149,-2.353754720851821,-0.1873403905533699,1.0,0.0,1.0,1.0675475180269607
0.4080361768812668,0.2825203107053974,1.3617935804942165,0.0,1.0,1.0,0.2841611913750015
1.6168743984986076,0.4493992090767527,0.7147820053675571,1.0,0.0,0.0,3.82374766225404
0.13102711619341956,1.4075522303547003,0.6450218860097728,1.0,0.0,1.0,0.5414545667249251
-1.0023439806908012,0.013615044873196903,1.0767999902430254,0.0,0.0,1.0,-1.4974462256427798
-0.10972745169429012,-0.8093291547149165,-0.4817916338634811,1.0,0.0,1.0,3.1019926458968503
-0.03561073619009093,1.2731129295991894,0.9043761786378799,0.0,0.0,0.0,-2.3680540082384347
-1.3647416522015654,0.08703122337061174,1.1160454557770394,1.0,0.0,1.0,-3.6212119299248293
-0.25583207134082336,-1.574849136722848,-0.32491685498781847,0.0,0.0,1.0,-2.3972987533739083
-0.7421920939974367,2.229607013576896,-1.011852290404815,0.0,0.0,0.0,-0.6983594171821961
0.9243577571874341,0.5835243630006189,2.2656160878288496,0.0,0.0,1.0,1.3652564505984526
0.03461187418525562,0.7676367480367724,-0.12063259932190942,0.0,1.0,0.0,-0.9081367047177189
-0.28279574914757005,-2.072833785446955,-0.5758763502687744,0.0,1.0,0.0,-1.7322935360387044
-0.10618193062257626,0.15386841976087148,-0.1932907993076308,1.0,0.0,1.0,-0.4328441999474346
0.22312201840616613,-0.02788792124501674,0.24089472655746763,1.0,0.0,0.0,1.1541624505065595
0.6168141996897798,-1.5399344579011065,-1.0400642603915013,0.0,1.0,0.0,2.5759946894821097
-0.9997122286693814,-1.2770928450362244,0.10640620561432027,1.0,0.0,0.0,-3.007788005282319
-1.0415876326212719,0.4964406221159983,1.3896052583355984,1.0,0.0,1.0,-5.119599431524688
1.10467921540253,1.7260309144742563,-1.25105306953881,1.0,0.0,0.0,4.405716871672874
-0.4123368722047306,2.3181116397891453,1.1134586361244723,1.0,0.0,1.0,-1.3164486121087338
-1.416842092596874,-0.4956105898631963,-0.36096112829614596,1.0,0.0,0.0,-2.507924092768574
0.44381270938310463,-1.302834920934798,1.0055525382437407,0.0,1.0,0.0,0.26982995892940886
0.4633698060326869,1.0394025492757684,1.0069429668619805,1.0,0.0,1.0,-1.013302672928431
-1.5307152572567064,0.19014128469291894,-0.6810288152255198,1.0,0.0,0.0,-4.643184775794732
0.2294817154636063,0.9237050389331067,-0.9693805429389105,0.0,0.0,1.0,2.632374178817216
0.7355830924283736,-0.7334541250508102,-1.5399513398691682,0.0,1.0,0.0,2.448162482209197
0.37438645170626306,-1.6185551027182554,-1.656979240957832,0.0,1.0,1.0,0.8236546563595044
0.6319814837613953,-0.7973088797685739,-0.860377684892529,0.0,0.0,1.0,0.5904239247980361
-1.404269098090749,0.37030288308667164,-0.3207299431157022,0.0,0.0,1.0,-1.5761575942510135
0.3310401549961956,-0.284171346961606,0.09208978245339779,0.0,1.0,0.0,-0.5512834273385823
-0.30261975947044656,0.7062666980828639,0.5583121499512314,0.0,0.0,1.0,-1.9959506648536995
-0.4827901587246448,-0.868622180007181,1.852377042026606,0.0,1.0,1.0,-0.5933191820479002
0.8705556094197265,-0.8418284097866792,0.9865149287828274,0.0,1.0,0.0,-0.17236420657100515
1.47927451067423,0.004319127820225817,0.3111124026386756,0.0,1.0,0.0,6.3497095300946995
1.794370054600359,1.3298094847272812,0.8008260602617971,0.0,0.0,1.0,6.31939983512711
1.314807871505905,-1.1080309981116296,0.768554041940412,1.0,0.0,0.0,5.29327022223438
-0.10973418163018368,-0.9975882423626552,0.6396517685007849,1.0,0.0,1.0,0.5079729730339302
0.35272016302634307,-1.4793559396690192,0.44621129301023343,0.0,1.0,1.0,0.8164752128944741
0.7668228717842437,-1.3664734681648292,1.461676182953711,0.0,0.0,0.0,0.7057455501195966
0.12117794929946196,0.8447838659753363,-0.06210600638751967,0.0,0.0,1.0,0.15342068606094494
0.13076418791154437,-0.40347699700549655,2.354628589656728,0.0,0.0,1.0,-1.070561903894319
0.823753131876182,-0.46299126257974244,-0.8583282457528743,0.0,1.0,0.0,3.2004923607431213
